"assessmentId","studentId","score","categoricalValue","missing"
"211a7a5f-b0a8-4885-93b0-54173d77013d","e16b51e0-0d84-4cd6-8ed3-eb28901d2e5e","","P","false"
"221a7bf2-ada8-43cc-94b0-55aa3a76fc84","e16b51e0-0d84-4cd6-8ed3-eb28901d2e5e","","A","false"
"bf460eee-eb83-4830-91db-b6467852f0e8","e16b51e0-0d84-4cd6-8ed3-eb28901d2e5e","","P","false"
"be460d5b-ee83-4ce9-90db-b4b37b52f5a1","e16b51e0-0d84-4cd6-8ed3-eb28901d2e5e","","P","false"
"dab8958d-15cc-4b37-ad4e-3ce5829bb18f","e16b51e0-0d84-4cd6-8ed3-eb28901d2e5e","","P","false"
"d7b890d4-16cc-4cca-aa4e-382c839bb322","e16b51e0-0d84-4cd6-8ed3-eb28901d2e5e","","P","false"
"d107de34-50a8-4ae2-a39c-bc0cdd77d39a","e16b51e0-0d84-4cd6-8ed3-eb28901d2e5e","","A","false"
"d407e2ed-4fa8-494f-a69c-c0c5dc77d207","e16b51e0-0d84-4cd6-8ed3-eb28901d2e5e","","P","false"
"e8fd290c-920f-43c6-9e58-97c42cc1a1fe","e16b51e0-0d84-4cd6-8ed3-eb28901d2e5e","","P","false"
"ebfd2dc5-910f-4233-a158-9c7d2bc1a06b","e16b51e0-0d84-4cd6-8ed3-eb28901d2e5e","","A","false"
"2e2202e1-13e4-4197-837c-75b90d59a26f","e16b51e0-0d84-4cd6-8ed3-eb28901d2e5e","","A","false"
"2b21fe28-14e4-432a-807c-71000e59a402","e16b51e0-0d84-4cd6-8ed3-eb28901d2e5e","","P","false"
"13ecb0c2-e85e-4a10-8947-55fa81d2e3c8","e16b51e0-0d84-4cd6-8ed3-eb28901d2e5e","","A","false"
"12ecaf2f-eb5e-4ec9-8847-546784d2e881","e16b51e0-0d84-4cd6-8ed3-eb28901d2e5e","","P","false"
"e114b38f-7236-4a59-a52a-0cf7da662841","e16b51e0-0d84-4cd6-8ed3-eb28901d2e5e","","P","false"
"e214b522-6f36-45a0-a62a-0e8ad7662388","e16b51e0-0d84-4cd6-8ed3-eb28901d2e5e","","P","false"
"d6cbf2e8-76c4-461a-bae1-19f0bef3a1a2","e16b51e0-0d84-4cd6-8ed3-eb28901d2e5e","","A","false"
"d9cbf7a1-75c4-4487-bde1-1ea9bdf3a00f","e16b51e0-0d84-4cd6-8ed3-eb28901d2e5e","","P","false"
"f9af631d-9297-46c3-a50f-cc65c2d1820b","e16b51e0-0d84-4cd6-8ed3-eb28901d2e5e","","P","false"
"f6af5e64-9397-4856-a20f-c7acc3d1839e","e16b51e0-0d84-4cd6-8ed3-eb28901d2e5e","","A","false"
"df7a10fe-8739-410c-899d-45c6b8afd0d4","e16b51e0-0d84-4cd6-8ed3-eb28901d2e5e","","A","false"
"de7a0f6b-8a39-45c5-889d-4433bbafd58d","e16b51e0-0d84-4cd6-8ed3-eb28901d2e5e","","P","false"
"c012116f-cc5d-4ae1-8b71-e397ddd47849","e16b51e0-0d84-4cd6-8ed3-eb28901d2e5e","","P","false"
"c1121302-c95d-4628-8c71-e52adad47390","e16b51e0-0d84-4cd6-8ed3-eb28901d2e5e","","P","false"
"348b52c8-b228-48c2-9feb-bc1062615a8a","e16b51e0-0d84-4cd6-8ed3-eb28901d2e5e","","P","false"
"378b5781-b128-472f-a2eb-c0c9616158f7","e16b51e0-0d84-4cd6-8ed3-eb28901d2e5e","","P","false"
"952289b9-774c-4917-a083-2561878601ff","e16b51e0-0d84-4cd6-8ed3-eb28901d2e5e","","A","false"
"92228500-784c-4aaa-9d83-20a888860392","e16b51e0-0d84-4cd6-8ed3-eb28901d2e5e","","P","false"
"93354178-d415-467e-adec-fa401f871626","e16b51e0-0d84-4cd6-8ed3-eb28901d2e5e","2","","false"
"585951cd-b4ad-46ef-b311-d415a01e7f77","e16b51e0-0d84-4cd6-8ed3-eb28901d2e5e","2","","false"
"3ce6cb2e-2927-4848-979f-4d7675d58c70","e16b51e0-0d84-4cd6-8ed3-eb28901d2e5e","3","","false"
"da06b6ab-89be-4f39-b4bf-38f3f66cf5c1","e16b51e0-0d84-4cd6-8ed3-eb28901d2e5e","2","","false"
"cac2b233-0a70-4cb5-9022-ca1b4e6e0a7d","e16b51e0-0d84-4cd6-8ed3-eb28901d2e5e","1","","false"
"69155632-454c-4c60-ae76-379a8949fa28","e16b51e0-0d84-4cd6-8ed3-eb28901d2e5e","2","","false"
"8487dcd1-70d3-43e7-a9e8-8bd99392bacf","e16b51e0-0d84-4cd6-8ed3-eb28901d2e5e","3","","false"
"2bf49858-d3b3-486a-a00f-fb90c66ab802","e16b51e0-0d84-4cd6-8ed3-eb28901d2e5e","2","","false"
"b77b56ff-cf25-4ca9-8b96-2317e0a00a21","e16b51e0-0d84-4cd6-8ed3-eb28901d2e5e","0","","false"
"103f4cd4-7917-41da-8870-d34cd083df92","e16b51e0-0d84-4cd6-8ed3-eb28901d2e5e","3","","false"
"1a60fe0b-7489-4619-93cf-b903ebf66631","e16b51e0-0d84-4cd6-8ed3-eb28901d2e5e","2","","false"
"b9f0d68a-4f64-4ea4-b360-5b022595215c","e16b51e0-0d84-4cd6-8ed3-eb28901d2e5e","3","","false"
"3563f449-5ac3-445b-8d95-ad21b0f33d93","e16b51e0-0d84-4cd6-8ed3-eb28901d2e5e","3","","false"
"538ebf58-bda3-48de-8cfe-43d015108696","e16b51e0-0d84-4cd6-8ed3-eb28901d2e5e","2","","false"
"8c5ec53e-c5bc-4de8-9a43-d6d677241900","e16b51e0-0d84-4cd6-8ed3-eb28901d2e5e","3","","false"
"6cf6c5af-8ae0-4e3d-9adb-4027bc48f2d5","e16b51e0-0d84-4cd6-8ed3-eb28901d2e5e","3","","false"
"e1700708-6f6e-479e-af55-18a0a0d66c36","e16b51e0-0d84-4cd6-8ed3-eb28901d2e5e","3","","false"
"42073df9-0c8e-431b-b129-b6713df657b3","e16b51e0-0d84-4cd6-8ed3-eb28901d2e5e","1","","false"
"c2b9cb75-f0fd-45e3-a0e0-e9ed1959e8db","e16b51e0-0d84-4cd6-8ed3-eb28901d2e5e","3","","false"
"fd95bb20-908c-4e62-9a7e-db9837ad565a","e16b51e0-0d84-4cd6-8ed3-eb28901d2e5e","1","","false"
"291be2a7-abff-4501-a605-9a3f331faa99","e16b51e0-0d84-4cd6-8ed3-eb28901d2e5e","2","","false"
"8bfbf72a-536c-4088-979f-9972a9471a50","e16b51e0-0d84-4cd6-8ed3-eb28901d2e5e","2","","false"
"876e4b69-def2-4f2f-b312-2011d4cd41d7","e16b51e0-0d84-4cd6-8ed3-eb28901d2e5e","2","","false"
"fafc7d1a-ab29-4ac4-8179-57c222ee788c","e16b51e0-0d84-4cd6-8ed3-eb28901d2e5e","3","","false"
"f66ed159-b688-407b-9bae-a9e12e4d5e43","e16b51e0-0d84-4cd6-8ed3-eb28901d2e5e","2","","false"
"d14a29e4-5618-48fa-9689-d00c4dde0042","e16b51e0-0d84-4cd6-8ed3-eb28901d2e5e","0","","false"
"dca90f9b-504d-48b9-a1e8-b5c368135261","e16b51e0-0d84-4cd6-8ed3-eb28901d2e5e","1","","false"
"3f89241e-efb6-41c8-84c8-ca46e77be910","e16b51e0-0d84-4cd6-8ed3-eb28901d2e5e","0","","false"
"abb30c0f-c56b-4365-a8ab-d137810eb80d","e16b51e0-0d84-4cd6-8ed3-eb28901d2e5e","59.70142995331449","","false"
"4b1bd51e-0047-4310-a814-67e6bbeaa7b8","e16b51e0-0d84-4cd6-8ed3-eb28901d2e5e","75.55902234567688","","false"
"668e5bbd-2bcd-4a97-8386-ee85c7709cdf","e16b51e0-0d84-4cd6-8ed3-eb28901d2e5e","67.40071184850837","","false"
"dcdcdae4-66a9-4a42-b9d6-372c210f8a6a","e16b51e0-0d84-4cd6-8ed3-eb28901d2e5e","53.46440013184704","","false"
"017949bc-b4b5-4426-9429-ffe4fb69e68e","e16b51e0-0d84-4cd6-8ed3-eb28901d2e5e","73.77121177377049","","false"
"c69d5a11-354d-4d77-b94e-a7595c011d7f","e16b51e0-0d84-4cd6-8ed3-eb28901d2e5e","68.93685841440876","","false"
"ab2ad372-0b04-4a70-bddc-531ad07a5ed8","e16b51e0-0d84-4cd6-8ed3-eb28901d2e5e","94.86815588834173","","false"
"f990d43f-939f-4639-9afc-3e97290da351","e16b51e0-0d84-4cd6-8ed3-eb28901d2e5e","79.10193057819282","","false"
"6e0a1598-996a-467a-af76-17100d9b1cb2","e16b51e0-0d84-4cd6-8ed3-eb28901d2e5e","80.56896724582126","","false"
"3d7a528d-1fae-40a3-8f4e-1a852180b29b","e16b51e0-0d84-4cd6-8ed3-eb28901d2e5e","76.36566943506713","","false"
"2207cbee-158c-4f6c-b3db-93e61621cce4","e16b51e0-0d84-4cd6-8ed3-eb28901d2e5e","56.71365153113122","","false"
"83dc375f-dab0-4fc1-b472-fd373b467459","e16b51e0-0d84-4cd6-8ed3-eb28901d2e5e","72.65359294366255","","false"
"78564238-bf3e-4922-8a2a-0a303fd4201a","e16b51e0-0d84-4cd6-8ed3-eb28901d2e5e","83.97933012142505","","false"
"d8ed7929-8462-4977-8ac1-7381e4f7fe0f","e16b51e0-0d84-4cd6-8ed3-eb28901d2e5e","80.93056123297475","","false"
"bd46083a-331e-48a4-ab63-3c6257b8a64c","e16b51e0-0d84-4cd6-8ed3-eb28901d2e5e","78.34251013135349","","false"
"99863b7c-7ef5-45f2-81d8-c4145cefcf0a","e16b51e0-0d84-4cd6-8ed3-eb28901d2e5e","60.86593722513092","","false"
"211a7a5f-b0a8-4885-93b0-54173d77013d","e46b5699-0c84-4b43-91d3-efe18f1d2ccb","","P","false"
"221a7bf2-ada8-43cc-94b0-55aa3a76fc84","e46b5699-0c84-4b43-91d3-efe18f1d2ccb","","P","false"
"bf460eee-eb83-4830-91db-b6467852f0e8","e46b5699-0c84-4b43-91d3-efe18f1d2ccb","","P","false"
"be460d5b-ee83-4ce9-90db-b4b37b52f5a1","e46b5699-0c84-4b43-91d3-efe18f1d2ccb","","P","false"
"dab8958d-15cc-4b37-ad4e-3ce5829bb18f","e46b5699-0c84-4b43-91d3-efe18f1d2ccb","","A","false"
"d7b890d4-16cc-4cca-aa4e-382c839bb322","e46b5699-0c84-4b43-91d3-efe18f1d2ccb","","P","false"
"d107de34-50a8-4ae2-a39c-bc0cdd77d39a","e46b5699-0c84-4b43-91d3-efe18f1d2ccb","","P","false"
"d407e2ed-4fa8-494f-a69c-c0c5dc77d207","e46b5699-0c84-4b43-91d3-efe18f1d2ccb","","A","false"
"e8fd290c-920f-43c6-9e58-97c42cc1a1fe","e46b5699-0c84-4b43-91d3-efe18f1d2ccb","","A","false"
"ebfd2dc5-910f-4233-a158-9c7d2bc1a06b","e46b5699-0c84-4b43-91d3-efe18f1d2ccb","","P","false"
"2e2202e1-13e4-4197-837c-75b90d59a26f","e46b5699-0c84-4b43-91d3-efe18f1d2ccb","","P","false"
"2b21fe28-14e4-432a-807c-71000e59a402","e46b5699-0c84-4b43-91d3-efe18f1d2ccb","","P","false"
"13ecb0c2-e85e-4a10-8947-55fa81d2e3c8","e46b5699-0c84-4b43-91d3-efe18f1d2ccb","","P","false"
"12ecaf2f-eb5e-4ec9-8847-546784d2e881","e46b5699-0c84-4b43-91d3-efe18f1d2ccb","","P","false"
"e114b38f-7236-4a59-a52a-0cf7da662841","e46b5699-0c84-4b43-91d3-efe18f1d2ccb","","P","false"
"e214b522-6f36-45a0-a62a-0e8ad7662388","e46b5699-0c84-4b43-91d3-efe18f1d2ccb","","P","false"
"d6cbf2e8-76c4-461a-bae1-19f0bef3a1a2","e46b5699-0c84-4b43-91d3-efe18f1d2ccb","","P","false"
"d9cbf7a1-75c4-4487-bde1-1ea9bdf3a00f","e46b5699-0c84-4b43-91d3-efe18f1d2ccb","","A","false"
"f9af631d-9297-46c3-a50f-cc65c2d1820b","e46b5699-0c84-4b43-91d3-efe18f1d2ccb","","P","false"
"f6af5e64-9397-4856-a20f-c7acc3d1839e","e46b5699-0c84-4b43-91d3-efe18f1d2ccb","","A","false"
"df7a10fe-8739-410c-899d-45c6b8afd0d4","e46b5699-0c84-4b43-91d3-efe18f1d2ccb","","P","false"
"de7a0f6b-8a39-45c5-889d-4433bbafd58d","e46b5699-0c84-4b43-91d3-efe18f1d2ccb","","A","false"
"c012116f-cc5d-4ae1-8b71-e397ddd47849","e46b5699-0c84-4b43-91d3-efe18f1d2ccb","","P","false"
"c1121302-c95d-4628-8c71-e52adad47390","e46b5699-0c84-4b43-91d3-efe18f1d2ccb","","A","false"
"348b52c8-b228-48c2-9feb-bc1062615a8a","e46b5699-0c84-4b43-91d3-efe18f1d2ccb","","A","false"
"378b5781-b128-472f-a2eb-c0c9616158f7","e46b5699-0c84-4b43-91d3-efe18f1d2ccb","","P","false"
"952289b9-774c-4917-a083-2561878601ff","e46b5699-0c84-4b43-91d3-efe18f1d2ccb","","P","false"
"92228500-784c-4aaa-9d83-20a888860392","e46b5699-0c84-4b43-91d3-efe18f1d2ccb","","P","false"
"93354178-d415-467e-adec-fa401f871626","e46b5699-0c84-4b43-91d3-efe18f1d2ccb","2","","false"
"585951cd-b4ad-46ef-b311-d415a01e7f77","e46b5699-0c84-4b43-91d3-efe18f1d2ccb","2","","false"
"3ce6cb2e-2927-4848-979f-4d7675d58c70","e46b5699-0c84-4b43-91d3-efe18f1d2ccb","2","","false"
"da06b6ab-89be-4f39-b4bf-38f3f66cf5c1","e46b5699-0c84-4b43-91d3-efe18f1d2ccb","0","","false"
"cac2b233-0a70-4cb5-9022-ca1b4e6e0a7d","e46b5699-0c84-4b43-91d3-efe18f1d2ccb","3","","false"
"69155632-454c-4c60-ae76-379a8949fa28","e46b5699-0c84-4b43-91d3-efe18f1d2ccb","2","","false"
"8487dcd1-70d3-43e7-a9e8-8bd99392bacf","e46b5699-0c84-4b43-91d3-efe18f1d2ccb","1","","false"
"2bf49858-d3b3-486a-a00f-fb90c66ab802","e46b5699-0c84-4b43-91d3-efe18f1d2ccb","2","","false"
"b77b56ff-cf25-4ca9-8b96-2317e0a00a21","e46b5699-0c84-4b43-91d3-efe18f1d2ccb","1","","false"
"103f4cd4-7917-41da-8870-d34cd083df92","e46b5699-0c84-4b43-91d3-efe18f1d2ccb","2","","false"
"1a60fe0b-7489-4619-93cf-b903ebf66631","e46b5699-0c84-4b43-91d3-efe18f1d2ccb","3","","false"
"b9f0d68a-4f64-4ea4-b360-5b022595215c","e46b5699-0c84-4b43-91d3-efe18f1d2ccb","3","","false"
"3563f449-5ac3-445b-8d95-ad21b0f33d93","e46b5699-0c84-4b43-91d3-efe18f1d2ccb","3","","false"
"538ebf58-bda3-48de-8cfe-43d015108696","e46b5699-0c84-4b43-91d3-efe18f1d2ccb","2","","false"
"8c5ec53e-c5bc-4de8-9a43-d6d677241900","e46b5699-0c84-4b43-91d3-efe18f1d2ccb","2","","false"
"6cf6c5af-8ae0-4e3d-9adb-4027bc48f2d5","e46b5699-0c84-4b43-91d3-efe18f1d2ccb","2","","false"
"e1700708-6f6e-479e-af55-18a0a0d66c36","e46b5699-0c84-4b43-91d3-efe18f1d2ccb","2","","false"
"42073df9-0c8e-431b-b129-b6713df657b3","e46b5699-0c84-4b43-91d3-efe18f1d2ccb","3","","false"
"c2b9cb75-f0fd-45e3-a0e0-e9ed1959e8db","e46b5699-0c84-4b43-91d3-efe18f1d2ccb","2","","false"
"fd95bb20-908c-4e62-9a7e-db9837ad565a","e46b5699-0c84-4b43-91d3-efe18f1d2ccb","2","","false"
"291be2a7-abff-4501-a605-9a3f331faa99","e46b5699-0c84-4b43-91d3-efe18f1d2ccb","2","","false"
"8bfbf72a-536c-4088-979f-9972a9471a50","e46b5699-0c84-4b43-91d3-efe18f1d2ccb","0","","false"
"876e4b69-def2-4f2f-b312-2011d4cd41d7","e46b5699-0c84-4b43-91d3-efe18f1d2ccb","1","","false"
"fafc7d1a-ab29-4ac4-8179-57c222ee788c","e46b5699-0c84-4b43-91d3-efe18f1d2ccb","3","","false"
"f66ed159-b688-407b-9bae-a9e12e4d5e43","e46b5699-0c84-4b43-91d3-efe18f1d2ccb","3","","false"
"d14a29e4-5618-48fa-9689-d00c4dde0042","e46b5699-0c84-4b43-91d3-efe18f1d2ccb","3","","false"
"dca90f9b-504d-48b9-a1e8-b5c368135261","e46b5699-0c84-4b43-91d3-efe18f1d2ccb","1","","false"
"3f89241e-efb6-41c8-84c8-ca46e77be910","e46b5699-0c84-4b43-91d3-efe18f1d2ccb","1","","false"
"abb30c0f-c56b-4365-a8ab-d137810eb80d","e46b5699-0c84-4b43-91d3-efe18f1d2ccb","77.22039398545297","","false"
"4b1bd51e-0047-4310-a814-67e6bbeaa7b8","e46b5699-0c84-4b43-91d3-efe18f1d2ccb","79.86586173379868","","false"
"668e5bbd-2bcd-4a97-8386-ee85c7709cdf","e46b5699-0c84-4b43-91d3-efe18f1d2ccb","77.12854716053249","","false"
"dcdcdae4-66a9-4a42-b9d6-372c210f8a6a","e46b5699-0c84-4b43-91d3-efe18f1d2ccb","92.03921368818033","","false"
"017949bc-b4b5-4426-9429-ffe4fb69e68e","e46b5699-0c84-4b43-91d3-efe18f1d2ccb","78.24420659338472","","false"
"c69d5a11-354d-4d77-b94e-a7595c011d7f","e46b5699-0c84-4b43-91d3-efe18f1d2ccb","73.59171128743617","","false"
"ab2ad372-0b04-4a70-bddc-531ad07a5ed8","e46b5699-0c84-4b43-91d3-efe18f1d2ccb","54.385445502153146","","false"
"f990d43f-939f-4639-9afc-3e97290da351","e46b5699-0c84-4b43-91d3-efe18f1d2ccb","74.07249818291072","","false"
"6e0a1598-996a-467a-af76-17100d9b1cb2","e46b5699-0c84-4b43-91d3-efe18f1d2ccb","97.54134366805806","","false"
"3d7a528d-1fae-40a3-8f4e-1a852180b29b","e46b5699-0c84-4b43-91d3-efe18f1d2ccb","78.58906254294982","","false"
"2207cbee-158c-4f6c-b3db-93e61621cce4","e46b5699-0c84-4b43-91d3-efe18f1d2ccb","75.84305370780325","","false"
"83dc375f-dab0-4fc1-b472-fd373b467459","e46b5699-0c84-4b43-91d3-efe18f1d2ccb","72.80242234202618","","false"
"78564238-bf3e-4922-8a2a-0a303fd4201a","e46b5699-0c84-4b43-91d3-efe18f1d2ccb","86.86439639788762","","false"
"d8ed7929-8462-4977-8ac1-7381e4f7fe0f","e46b5699-0c84-4b43-91d3-efe18f1d2ccb","78.58995626448399","","false"
"bd46083a-331e-48a4-ab63-3c6257b8a64c","e46b5699-0c84-4b43-91d3-efe18f1d2ccb","70.77764134494493","","false"
"99863b7c-7ef5-45f2-81d8-c4145cefcf0a","e46b5699-0c84-4b43-91d3-efe18f1d2ccb","76.28397904977706","","false"
"211a7a5f-b0a8-4885-93b0-54173d77013d","e36b5506-0b84-49b0-90d3-ee4e8e1d2b38","","P","false"
"221a7bf2-ada8-43cc-94b0-55aa3a76fc84","e36b5506-0b84-49b0-90d3-ee4e8e1d2b38","","P","false"
"bf460eee-eb83-4830-91db-b6467852f0e8","e36b5506-0b84-49b0-90d3-ee4e8e1d2b38","","P","false"
"be460d5b-ee83-4ce9-90db-b4b37b52f5a1","e36b5506-0b84-49b0-90d3-ee4e8e1d2b38","","P","false"
"dab8958d-15cc-4b37-ad4e-3ce5829bb18f","e36b5506-0b84-49b0-90d3-ee4e8e1d2b38","","P","false"
"d7b890d4-16cc-4cca-aa4e-382c839bb322","e36b5506-0b84-49b0-90d3-ee4e8e1d2b38","","P","false"
"d107de34-50a8-4ae2-a39c-bc0cdd77d39a","e36b5506-0b84-49b0-90d3-ee4e8e1d2b38","","P","false"
"d407e2ed-4fa8-494f-a69c-c0c5dc77d207","e36b5506-0b84-49b0-90d3-ee4e8e1d2b38","","P","false"
"e8fd290c-920f-43c6-9e58-97c42cc1a1fe","e36b5506-0b84-49b0-90d3-ee4e8e1d2b38","","P","false"
"ebfd2dc5-910f-4233-a158-9c7d2bc1a06b","e36b5506-0b84-49b0-90d3-ee4e8e1d2b38","","P","false"
"2e2202e1-13e4-4197-837c-75b90d59a26f","e36b5506-0b84-49b0-90d3-ee4e8e1d2b38","","P","false"
"2b21fe28-14e4-432a-807c-71000e59a402","e36b5506-0b84-49b0-90d3-ee4e8e1d2b38","","P","false"
"13ecb0c2-e85e-4a10-8947-55fa81d2e3c8","e36b5506-0b84-49b0-90d3-ee4e8e1d2b38","","P","false"
"12ecaf2f-eb5e-4ec9-8847-546784d2e881","e36b5506-0b84-49b0-90d3-ee4e8e1d2b38","","A","false"
"e114b38f-7236-4a59-a52a-0cf7da662841","e36b5506-0b84-49b0-90d3-ee4e8e1d2b38","","A","false"
"e214b522-6f36-45a0-a62a-0e8ad7662388","e36b5506-0b84-49b0-90d3-ee4e8e1d2b38","","P","false"
"d6cbf2e8-76c4-461a-bae1-19f0bef3a1a2","e36b5506-0b84-49b0-90d3-ee4e8e1d2b38","","A","false"
"d9cbf7a1-75c4-4487-bde1-1ea9bdf3a00f","e36b5506-0b84-49b0-90d3-ee4e8e1d2b38","","P","false"
"f9af631d-9297-46c3-a50f-cc65c2d1820b","e36b5506-0b84-49b0-90d3-ee4e8e1d2b38","","P","false"
"f6af5e64-9397-4856-a20f-c7acc3d1839e","e36b5506-0b84-49b0-90d3-ee4e8e1d2b38","","P","false"
"df7a10fe-8739-410c-899d-45c6b8afd0d4","e36b5506-0b84-49b0-90d3-ee4e8e1d2b38","","P","false"
"de7a0f6b-8a39-45c5-889d-4433bbafd58d","e36b5506-0b84-49b0-90d3-ee4e8e1d2b38","","A","false"
"c012116f-cc5d-4ae1-8b71-e397ddd47849","e36b5506-0b84-49b0-90d3-ee4e8e1d2b38","","P","false"
"c1121302-c95d-4628-8c71-e52adad47390","e36b5506-0b84-49b0-90d3-ee4e8e1d2b38","","P","false"
"348b52c8-b228-48c2-9feb-bc1062615a8a","e36b5506-0b84-49b0-90d3-ee4e8e1d2b38","","A","false"
"378b5781-b128-472f-a2eb-c0c9616158f7","e36b5506-0b84-49b0-90d3-ee4e8e1d2b38","","P","false"
"952289b9-774c-4917-a083-2561878601ff","e36b5506-0b84-49b0-90d3-ee4e8e1d2b38","","P","false"
"92228500-784c-4aaa-9d83-20a888860392","e36b5506-0b84-49b0-90d3-ee4e8e1d2b38","","P","false"
"93354178-d415-467e-adec-fa401f871626","e36b5506-0b84-49b0-90d3-ee4e8e1d2b38","3","","false"
"585951cd-b4ad-46ef-b311-d415a01e7f77","e36b5506-0b84-49b0-90d3-ee4e8e1d2b38","3","","false"
"3ce6cb2e-2927-4848-979f-4d7675d58c70","e36b5506-0b84-49b0-90d3-ee4e8e1d2b38","2","","false"
"da06b6ab-89be-4f39-b4bf-38f3f66cf5c1","e36b5506-0b84-49b0-90d3-ee4e8e1d2b38","3","","false"
"cac2b233-0a70-4cb5-9022-ca1b4e6e0a7d","e36b5506-0b84-49b0-90d3-ee4e8e1d2b38","2","","false"
"69155632-454c-4c60-ae76-379a8949fa28","e36b5506-0b84-49b0-90d3-ee4e8e1d2b38","2","","false"
"8487dcd1-70d3-43e7-a9e8-8bd99392bacf","e36b5506-0b84-49b0-90d3-ee4e8e1d2b38","3","","false"
"2bf49858-d3b3-486a-a00f-fb90c66ab802","e36b5506-0b84-49b0-90d3-ee4e8e1d2b38","1","","false"
"b77b56ff-cf25-4ca9-8b96-2317e0a00a21","e36b5506-0b84-49b0-90d3-ee4e8e1d2b38","2","","false"
"103f4cd4-7917-41da-8870-d34cd083df92","e36b5506-0b84-49b0-90d3-ee4e8e1d2b38","3","","false"
"1a60fe0b-7489-4619-93cf-b903ebf66631","e36b5506-0b84-49b0-90d3-ee4e8e1d2b38","3","","false"
"b9f0d68a-4f64-4ea4-b360-5b022595215c","e36b5506-0b84-49b0-90d3-ee4e8e1d2b38","2","","false"
"3563f449-5ac3-445b-8d95-ad21b0f33d93","e36b5506-0b84-49b0-90d3-ee4e8e1d2b38","0","","false"
"538ebf58-bda3-48de-8cfe-43d015108696","e36b5506-0b84-49b0-90d3-ee4e8e1d2b38","3","","false"
"8c5ec53e-c5bc-4de8-9a43-d6d677241900","e36b5506-0b84-49b0-90d3-ee4e8e1d2b38","3","","false"
"6cf6c5af-8ae0-4e3d-9adb-4027bc48f2d5","e36b5506-0b84-49b0-90d3-ee4e8e1d2b38","0","","false"
"e1700708-6f6e-479e-af55-18a0a0d66c36","e36b5506-0b84-49b0-90d3-ee4e8e1d2b38","1","","false"
"42073df9-0c8e-431b-b129-b6713df657b3","e36b5506-0b84-49b0-90d3-ee4e8e1d2b38","3","","false"
"c2b9cb75-f0fd-45e3-a0e0-e9ed1959e8db","e36b5506-0b84-49b0-90d3-ee4e8e1d2b38","2","","false"
"fd95bb20-908c-4e62-9a7e-db9837ad565a","e36b5506-0b84-49b0-90d3-ee4e8e1d2b38","2","","false"
"291be2a7-abff-4501-a605-9a3f331faa99","e36b5506-0b84-49b0-90d3-ee4e8e1d2b38","3","","false"
"8bfbf72a-536c-4088-979f-9972a9471a50","e36b5506-0b84-49b0-90d3-ee4e8e1d2b38","3","","false"
"876e4b69-def2-4f2f-b312-2011d4cd41d7","e36b5506-0b84-49b0-90d3-ee4e8e1d2b38","1","","false"
"fafc7d1a-ab29-4ac4-8179-57c222ee788c","e36b5506-0b84-49b0-90d3-ee4e8e1d2b38","3","","false"
"f66ed159-b688-407b-9bae-a9e12e4d5e43","e36b5506-0b84-49b0-90d3-ee4e8e1d2b38","2","","false"
"d14a29e4-5618-48fa-9689-d00c4dde0042","e36b5506-0b84-49b0-90d3-ee4e8e1d2b38","1","","false"
"dca90f9b-504d-48b9-a1e8-b5c368135261","e36b5506-0b84-49b0-90d3-ee4e8e1d2b38","1","","false"
"3f89241e-efb6-41c8-84c8-ca46e77be910","e36b5506-0b84-49b0-90d3-ee4e8e1d2b38","1","","false"
"abb30c0f-c56b-4365-a8ab-d137810eb80d","e36b5506-0b84-49b0-90d3-ee4e8e1d2b38","76.60679397435354","","false"
"4b1bd51e-0047-4310-a814-67e6bbeaa7b8","e36b5506-0b84-49b0-90d3-ee4e8e1d2b38","78.08743973127224","","false"
"668e5bbd-2bcd-4a97-8386-ee85c7709cdf","e36b5506-0b84-49b0-90d3-ee4e8e1d2b38","85.78934005487366","","false"
"dcdcdae4-66a9-4a42-b9d6-372c210f8a6a","e36b5506-0b84-49b0-90d3-ee4e8e1d2b38","69.91909687107369","","false"
"017949bc-b4b5-4426-9429-ffe4fb69e68e","e36b5506-0b84-49b0-90d3-ee4e8e1d2b38","62.45319961376498","","false"
"c69d5a11-354d-4d77-b94e-a7595c011d7f","e36b5506-0b84-49b0-90d3-ee4e8e1d2b38","63.35521579012959","","false"
"ab2ad372-0b04-4a70-bddc-531ad07a5ed8","e36b5506-0b84-49b0-90d3-ee4e8e1d2b38","73.40481218445427","","false"
"f990d43f-939f-4639-9afc-3e97290da351","e36b5506-0b84-49b0-90d3-ee4e8e1d2b38","83.01906457208787","","false"
"6e0a1598-996a-467a-af76-17100d9b1cb2","e36b5506-0b84-49b0-90d3-ee4e8e1d2b38","59.81392129874962","","false"
"3d7a528d-1fae-40a3-8f4e-1a852180b29b","e36b5506-0b84-49b0-90d3-ee4e8e1d2b38","82.87528479988174","","false"
"2207cbee-158c-4f6c-b3db-93e61621cce4","e36b5506-0b84-49b0-90d3-ee4e8e1d2b38","82.1462079934388","","false"
"83dc375f-dab0-4fc1-b472-fd373b467459","e36b5506-0b84-49b0-90d3-ee4e8e1d2b38","70.93490421322406","","false"
"78564238-bf3e-4922-8a2a-0a303fd4201a","e36b5506-0b84-49b0-90d3-ee4e8e1d2b38","96.41662566062914","","false"
"d8ed7929-8462-4977-8ac1-7381e4f7fe0f","e36b5506-0b84-49b0-90d3-ee4e8e1d2b38","73.85455728835905","","false"
"bd46083a-331e-48a4-ab63-3c6257b8a64c","e36b5506-0b84-49b0-90d3-ee4e8e1d2b38","100","","false"
"99863b7c-7ef5-45f2-81d8-c4145cefcf0a","e36b5506-0b84-49b0-90d3-ee4e8e1d2b38","73.76505302613884","","false"
"211a7a5f-b0a8-4885-93b0-54173d77013d","e66b59bf-1285-44b5-93d3-f307951d363d","","P","false"
"221a7bf2-ada8-43cc-94b0-55aa3a76fc84","e66b59bf-1285-44b5-93d3-f307951d363d","","P","false"
"bf460eee-eb83-4830-91db-b6467852f0e8","e66b59bf-1285-44b5-93d3-f307951d363d","","P","false"
"be460d5b-ee83-4ce9-90db-b4b37b52f5a1","e66b59bf-1285-44b5-93d3-f307951d363d","","A","false"
"dab8958d-15cc-4b37-ad4e-3ce5829bb18f","e66b59bf-1285-44b5-93d3-f307951d363d","","P","false"
"d7b890d4-16cc-4cca-aa4e-382c839bb322","e66b59bf-1285-44b5-93d3-f307951d363d","","A","false"
"d107de34-50a8-4ae2-a39c-bc0cdd77d39a","e66b59bf-1285-44b5-93d3-f307951d363d","","P","false"
"d407e2ed-4fa8-494f-a69c-c0c5dc77d207","e66b59bf-1285-44b5-93d3-f307951d363d","","A","false"
"e8fd290c-920f-43c6-9e58-97c42cc1a1fe","e66b59bf-1285-44b5-93d3-f307951d363d","","P","false"
"ebfd2dc5-910f-4233-a158-9c7d2bc1a06b","e66b59bf-1285-44b5-93d3-f307951d363d","","P","false"
"2e2202e1-13e4-4197-837c-75b90d59a26f","e66b59bf-1285-44b5-93d3-f307951d363d","","P","false"
"2b21fe28-14e4-432a-807c-71000e59a402","e66b59bf-1285-44b5-93d3-f307951d363d","","P","false"
"13ecb0c2-e85e-4a10-8947-55fa81d2e3c8","e66b59bf-1285-44b5-93d3-f307951d363d","","A","false"
"12ecaf2f-eb5e-4ec9-8847-546784d2e881","e66b59bf-1285-44b5-93d3-f307951d363d","","A","false"
"e114b38f-7236-4a59-a52a-0cf7da662841","e66b59bf-1285-44b5-93d3-f307951d363d","","P","false"
"e214b522-6f36-45a0-a62a-0e8ad7662388","e66b59bf-1285-44b5-93d3-f307951d363d","","P","false"
"d6cbf2e8-76c4-461a-bae1-19f0bef3a1a2","e66b59bf-1285-44b5-93d3-f307951d363d","","P","false"
"d9cbf7a1-75c4-4487-bde1-1ea9bdf3a00f","e66b59bf-1285-44b5-93d3-f307951d363d","","P","false"
"f9af631d-9297-46c3-a50f-cc65c2d1820b","e66b59bf-1285-44b5-93d3-f307951d363d","","P","false"
"f6af5e64-9397-4856-a20f-c7acc3d1839e","e66b59bf-1285-44b5-93d3-f307951d363d","","P","false"
"df7a10fe-8739-410c-899d-45c6b8afd0d4","e66b59bf-1285-44b5-93d3-f307951d363d","","P","false"
"de7a0f6b-8a39-45c5-889d-4433bbafd58d","e66b59bf-1285-44b5-93d3-f307951d363d","","A","false"
"c012116f-cc5d-4ae1-8b71-e397ddd47849","e66b59bf-1285-44b5-93d3-f307951d363d","","P","false"
"c1121302-c95d-4628-8c71-e52adad47390","e66b59bf-1285-44b5-93d3-f307951d363d","","A","false"
"348b52c8-b228-48c2-9feb-bc1062615a8a","e66b59bf-1285-44b5-93d3-f307951d363d","","P","false"
"378b5781-b128-472f-a2eb-c0c9616158f7","e66b59bf-1285-44b5-93d3-f307951d363d","","A","false"
"952289b9-774c-4917-a083-2561878601ff","e66b59bf-1285-44b5-93d3-f307951d363d","","P","false"
"92228500-784c-4aaa-9d83-20a888860392","e66b59bf-1285-44b5-93d3-f307951d363d","","P","false"
"93354178-d415-467e-adec-fa401f871626","e66b59bf-1285-44b5-93d3-f307951d363d","0","","false"
"585951cd-b4ad-46ef-b311-d415a01e7f77","e66b59bf-1285-44b5-93d3-f307951d363d","1","","false"
"3ce6cb2e-2927-4848-979f-4d7675d58c70","e66b59bf-1285-44b5-93d3-f307951d363d","3","","false"
"da06b6ab-89be-4f39-b4bf-38f3f66cf5c1","e66b59bf-1285-44b5-93d3-f307951d363d","3","","false"
"cac2b233-0a70-4cb5-9022-ca1b4e6e0a7d","e66b59bf-1285-44b5-93d3-f307951d363d","2","","false"
"69155632-454c-4c60-ae76-379a8949fa28","e66b59bf-1285-44b5-93d3-f307951d363d","2","","false"
"8487dcd1-70d3-43e7-a9e8-8bd99392bacf","e66b59bf-1285-44b5-93d3-f307951d363d","3","","false"
"2bf49858-d3b3-486a-a00f-fb90c66ab802","e66b59bf-1285-44b5-93d3-f307951d363d","2","","false"
"b77b56ff-cf25-4ca9-8b96-2317e0a00a21","e66b59bf-1285-44b5-93d3-f307951d363d","1","","false"
"103f4cd4-7917-41da-8870-d34cd083df92","e66b59bf-1285-44b5-93d3-f307951d363d","2","","false"
"1a60fe0b-7489-4619-93cf-b903ebf66631","e66b59bf-1285-44b5-93d3-f307951d363d","2","","false"
"b9f0d68a-4f64-4ea4-b360-5b022595215c","e66b59bf-1285-44b5-93d3-f307951d363d","3","","false"
"3563f449-5ac3-445b-8d95-ad21b0f33d93","e66b59bf-1285-44b5-93d3-f307951d363d","3","","false"
"538ebf58-bda3-48de-8cfe-43d015108696","e66b59bf-1285-44b5-93d3-f307951d363d","1","","false"
"8c5ec53e-c5bc-4de8-9a43-d6d677241900","e66b59bf-1285-44b5-93d3-f307951d363d","2","","false"
"6cf6c5af-8ae0-4e3d-9adb-4027bc48f2d5","e66b59bf-1285-44b5-93d3-f307951d363d","3","","false"
"e1700708-6f6e-479e-af55-18a0a0d66c36","e66b59bf-1285-44b5-93d3-f307951d363d","3","","false"
"42073df9-0c8e-431b-b129-b6713df657b3","e66b59bf-1285-44b5-93d3-f307951d363d","1","","false"
"c2b9cb75-f0fd-45e3-a0e0-e9ed1959e8db","e66b59bf-1285-44b5-93d3-f307951d363d","2","","false"
"fd95bb20-908c-4e62-9a7e-db9837ad565a","e66b59bf-1285-44b5-93d3-f307951d363d","1","","false"
"291be2a7-abff-4501-a605-9a3f331faa99","e66b59bf-1285-44b5-93d3-f307951d363d","3","","false"
"8bfbf72a-536c-4088-979f-9972a9471a50","e66b59bf-1285-44b5-93d3-f307951d363d","3","","false"
"876e4b69-def2-4f2f-b312-2011d4cd41d7","e66b59bf-1285-44b5-93d3-f307951d363d","2","","false"
"fafc7d1a-ab29-4ac4-8179-57c222ee788c","e66b59bf-1285-44b5-93d3-f307951d363d","3","","false"
"f66ed159-b688-407b-9bae-a9e12e4d5e43","e66b59bf-1285-44b5-93d3-f307951d363d","2","","false"
"d14a29e4-5618-48fa-9689-d00c4dde0042","e66b59bf-1285-44b5-93d3-f307951d363d","0","","false"
"dca90f9b-504d-48b9-a1e8-b5c368135261","e66b59bf-1285-44b5-93d3-f307951d363d","3","","false"
"3f89241e-efb6-41c8-84c8-ca46e77be910","e66b59bf-1285-44b5-93d3-f307951d363d","3","","false"
"abb30c0f-c56b-4365-a8ab-d137810eb80d","e66b59bf-1285-44b5-93d3-f307951d363d","73.50005357009667","","false"
"4b1bd51e-0047-4310-a814-67e6bbeaa7b8","e66b59bf-1285-44b5-93d3-f307951d363d","76.51491354397871","","false"
"668e5bbd-2bcd-4a97-8386-ee85c7709cdf","e66b59bf-1285-44b5-93d3-f307951d363d","55.683412262038914","","false"
"dcdcdae4-66a9-4a42-b9d6-372c210f8a6a","e66b59bf-1285-44b5-93d3-f307951d363d","43.54704101670242","","false"
"017949bc-b4b5-4426-9429-ffe4fb69e68e","e66b59bf-1285-44b5-93d3-f307951d363d","63.98873480563364","","false"
"c69d5a11-354d-4d77-b94e-a7595c011d7f","e66b59bf-1285-44b5-93d3-f307951d363d","86.48878206458119","","false"
"ab2ad372-0b04-4a70-bddc-531ad07a5ed8","e66b59bf-1285-44b5-93d3-f307951d363d","49.57931117728785","","false"
"f990d43f-939f-4639-9afc-3e97290da351","e66b59bf-1285-44b5-93d3-f307951d363d","78.62323444613284","","false"
"6e0a1598-996a-467a-af76-17100d9b1cb2","e66b59bf-1285-44b5-93d3-f307951d363d","89.71479169254661","","false"
"3d7a528d-1fae-40a3-8f4e-1a852180b29b","e66b59bf-1285-44b5-93d3-f307951d363d","71.88180101342004","","false"
"2207cbee-158c-4f6c-b3db-93e61621cce4","e66b59bf-1285-44b5-93d3-f307951d363d","92.94251251865848","","false"
"83dc375f-dab0-4fc1-b472-fd373b467459","e66b59bf-1285-44b5-93d3-f307951d363d","44.26452077384761","","false"
"78564238-bf3e-4922-8a2a-0a303fd4201a","e66b59bf-1285-44b5-93d3-f307951d363d","81.22290732183956","","false"
"d8ed7929-8462-4977-8ac1-7381e4f7fe0f","e66b59bf-1285-44b5-93d3-f307951d363d","69.9953488613819","","false"
"bd46083a-331e-48a4-ab63-3c6257b8a64c","e66b59bf-1285-44b5-93d3-f307951d363d","70.02266104468791","","false"
"99863b7c-7ef5-45f2-81d8-c4145cefcf0a","e66b59bf-1285-44b5-93d3-f307951d363d","64.06169989302563","","false"
"211a7a5f-b0a8-4885-93b0-54173d77013d","e56b582c-1185-4322-92d3-f174941d34aa","","P","false"
"221a7bf2-ada8-43cc-94b0-55aa3a76fc84","e56b582c-1185-4322-92d3-f174941d34aa","","P","false"
"bf460eee-eb83-4830-91db-b6467852f0e8","e56b582c-1185-4322-92d3-f174941d34aa","","P","false"
"be460d5b-ee83-4ce9-90db-b4b37b52f5a1","e56b582c-1185-4322-92d3-f174941d34aa","","P","false"
"dab8958d-15cc-4b37-ad4e-3ce5829bb18f","e56b582c-1185-4322-92d3-f174941d34aa","","P","false"
"d7b890d4-16cc-4cca-aa4e-382c839bb322","e56b582c-1185-4322-92d3-f174941d34aa","","P","false"
"d107de34-50a8-4ae2-a39c-bc0cdd77d39a","e56b582c-1185-4322-92d3-f174941d34aa","","A","false"
"d407e2ed-4fa8-494f-a69c-c0c5dc77d207","e56b582c-1185-4322-92d3-f174941d34aa","","P","false"
"e8fd290c-920f-43c6-9e58-97c42cc1a1fe","e56b582c-1185-4322-92d3-f174941d34aa","","P","false"
"ebfd2dc5-910f-4233-a158-9c7d2bc1a06b","e56b582c-1185-4322-92d3-f174941d34aa","","P","false"
"2e2202e1-13e4-4197-837c-75b90d59a26f","e56b582c-1185-4322-92d3-f174941d34aa","","P","false"
"2b21fe28-14e4-432a-807c-71000e59a402","e56b582c-1185-4322-92d3-f174941d34aa","","P","false"
"13ecb0c2-e85e-4a10-8947-55fa81d2e3c8","e56b582c-1185-4322-92d3-f174941d34aa","","P","false"
"12ecaf2f-eb5e-4ec9-8847-546784d2e881","e56b582c-1185-4322-92d3-f174941d34aa","","P","false"
"e114b38f-7236-4a59-a52a-0cf7da662841","e56b582c-1185-4322-92d3-f174941d34aa","","P","false"
"e214b522-6f36-45a0-a62a-0e8ad7662388","e56b582c-1185-4322-92d3-f174941d34aa","","P","false"
"d6cbf2e8-76c4-461a-bae1-19f0bef3a1a2","e56b582c-1185-4322-92d3-f174941d34aa","","P","false"
"d9cbf7a1-75c4-4487-bde1-1ea9bdf3a00f","e56b582c-1185-4322-92d3-f174941d34aa","","P","false"
"f9af631d-9297-46c3-a50f-cc65c2d1820b","e56b582c-1185-4322-92d3-f174941d34aa","","P","false"
"f6af5e64-9397-4856-a20f-c7acc3d1839e","e56b582c-1185-4322-92d3-f174941d34aa","","P","false"
"df7a10fe-8739-410c-899d-45c6b8afd0d4","e56b582c-1185-4322-92d3-f174941d34aa","","P","false"
"de7a0f6b-8a39-45c5-889d-4433bbafd58d","e56b582c-1185-4322-92d3-f174941d34aa","","P","false"
"c012116f-cc5d-4ae1-8b71-e397ddd47849","e56b582c-1185-4322-92d3-f174941d34aa","","P","false"
"c1121302-c95d-4628-8c71-e52adad47390","e56b582c-1185-4322-92d3-f174941d34aa","","P","false"
"348b52c8-b228-48c2-9feb-bc1062615a8a","e56b582c-1185-4322-92d3-f174941d34aa","","P","false"
"378b5781-b128-472f-a2eb-c0c9616158f7","e56b582c-1185-4322-92d3-f174941d34aa","","P","false"
"952289b9-774c-4917-a083-2561878601ff","e56b582c-1185-4322-92d3-f174941d34aa","","P","false"
"92228500-784c-4aaa-9d83-20a888860392","e56b582c-1185-4322-92d3-f174941d34aa","","P","false"
"93354178-d415-467e-adec-fa401f871626","e56b582c-1185-4322-92d3-f174941d34aa","3","","false"
"585951cd-b4ad-46ef-b311-d415a01e7f77","e56b582c-1185-4322-92d3-f174941d34aa","3","","false"
"3ce6cb2e-2927-4848-979f-4d7675d58c70","e56b582c-1185-4322-92d3-f174941d34aa","2","","false"
"da06b6ab-89be-4f39-b4bf-38f3f66cf5c1","e56b582c-1185-4322-92d3-f174941d34aa","3","","false"
"cac2b233-0a70-4cb5-9022-ca1b4e6e0a7d","e56b582c-1185-4322-92d3-f174941d34aa","3","","false"
"69155632-454c-4c60-ae76-379a8949fa28","e56b582c-1185-4322-92d3-f174941d34aa","2","","false"
"8487dcd1-70d3-43e7-a9e8-8bd99392bacf","e56b582c-1185-4322-92d3-f174941d34aa","2","","false"
"2bf49858-d3b3-486a-a00f-fb90c66ab802","e56b582c-1185-4322-92d3-f174941d34aa","2","","false"
"b77b56ff-cf25-4ca9-8b96-2317e0a00a21","e56b582c-1185-4322-92d3-f174941d34aa","3","","false"
"103f4cd4-7917-41da-8870-d34cd083df92","e56b582c-1185-4322-92d3-f174941d34aa","3","","false"
"1a60fe0b-7489-4619-93cf-b903ebf66631","e56b582c-1185-4322-92d3-f174941d34aa","3","","false"
"b9f0d68a-4f64-4ea4-b360-5b022595215c","e56b582c-1185-4322-92d3-f174941d34aa","2","","false"
"3563f449-5ac3-445b-8d95-ad21b0f33d93","e56b582c-1185-4322-92d3-f174941d34aa","3","","false"
"538ebf58-bda3-48de-8cfe-43d015108696","e56b582c-1185-4322-92d3-f174941d34aa","2","","false"
"8c5ec53e-c5bc-4de8-9a43-d6d677241900","e56b582c-1185-4322-92d3-f174941d34aa","0","","false"
"6cf6c5af-8ae0-4e3d-9adb-4027bc48f2d5","e56b582c-1185-4322-92d3-f174941d34aa","3","","false"
"e1700708-6f6e-479e-af55-18a0a0d66c36","e56b582c-1185-4322-92d3-f174941d34aa","3","","false"
"42073df9-0c8e-431b-b129-b6713df657b3","e56b582c-1185-4322-92d3-f174941d34aa","3","","false"
"c2b9cb75-f0fd-45e3-a0e0-e9ed1959e8db","e56b582c-1185-4322-92d3-f174941d34aa","2","","false"
"fd95bb20-908c-4e62-9a7e-db9837ad565a","e56b582c-1185-4322-92d3-f174941d34aa","1","","false"
"291be2a7-abff-4501-a605-9a3f331faa99","e56b582c-1185-4322-92d3-f174941d34aa","2","","false"
"8bfbf72a-536c-4088-979f-9972a9471a50","e56b582c-1185-4322-92d3-f174941d34aa","3","","false"
"876e4b69-def2-4f2f-b312-2011d4cd41d7","e56b582c-1185-4322-92d3-f174941d34aa","0","","false"
"fafc7d1a-ab29-4ac4-8179-57c222ee788c","e56b582c-1185-4322-92d3-f174941d34aa","2","","false"
"f66ed159-b688-407b-9bae-a9e12e4d5e43","e56b582c-1185-4322-92d3-f174941d34aa","3","","false"
"d14a29e4-5618-48fa-9689-d00c4dde0042","e56b582c-1185-4322-92d3-f174941d34aa","2","","false"
"dca90f9b-504d-48b9-a1e8-b5c368135261","e56b582c-1185-4322-92d3-f174941d34aa","3","","false"
"3f89241e-efb6-41c8-84c8-ca46e77be910","e56b582c-1185-4322-92d3-f174941d34aa","3","","false"
"abb30c0f-c56b-4365-a8ab-d137810eb80d","e56b582c-1185-4322-92d3-f174941d34aa","87.2791303427606","","false"
"4b1bd51e-0047-4310-a814-67e6bbeaa7b8","e56b582c-1185-4322-92d3-f174941d34aa","83.0338391377428","","false"
"668e5bbd-2bcd-4a97-8386-ee85c7709cdf","e56b582c-1185-4322-92d3-f174941d34aa","54.08791209821274","","false"
"dcdcdae4-66a9-4a42-b9d6-372c210f8a6a","e56b582c-1185-4322-92d3-f174941d34aa","84.92006806975297","","false"
"017949bc-b4b5-4426-9429-ffe4fb69e68e","e56b582c-1185-4322-92d3-f174941d34aa","85.33130562465055","","false"
"c69d5a11-354d-4d77-b94e-a7595c011d7f","e56b582c-1185-4322-92d3-f174941d34aa","88.15644808599032","","false"
"ab2ad372-0b04-4a70-bddc-531ad07a5ed8","e56b582c-1185-4322-92d3-f174941d34aa","68.50421507712525","","false"
"f990d43f-939f-4639-9afc-3e97290da351","e56b582c-1185-4322-92d3-f174941d34aa","78.30451982213378","","false"
"6e0a1598-996a-467a-af76-17100d9b1cb2","e56b582c-1185-4322-92d3-f174941d34aa","81.65726673750123","","false"
"3d7a528d-1fae-40a3-8f4e-1a852180b29b","e56b582c-1185-4322-92d3-f174941d34aa","71.40416435405038","","false"
"2207cbee-158c-4f6c-b3db-93e61621cce4","e56b582c-1185-4322-92d3-f174941d34aa","82.92206588979795","","false"
"83dc375f-dab0-4fc1-b472-fd373b467459","e56b582c-1185-4322-92d3-f174941d34aa","70.68575457291982","","false"
"78564238-bf3e-4922-8a2a-0a303fd4201a","e56b582c-1185-4322-92d3-f174941d34aa","80.74748114947215","","false"
"d8ed7929-8462-4977-8ac1-7381e4f7fe0f","e56b582c-1185-4322-92d3-f174941d34aa","99.79934141829693","","false"
"bd46083a-331e-48a4-ab63-3c6257b8a64c","e56b582c-1185-4322-92d3-f174941d34aa","64.54477568224607","","false"
"99863b7c-7ef5-45f2-81d8-c4145cefcf0a","e56b582c-1185-4322-92d3-f174941d34aa","84.61861940822035","","false"
"211a7a5f-b0a8-4885-93b0-54173d77013d","e86b5ce5-1085-418f-95d3-f62d931d3317","","P","false"
"221a7bf2-ada8-43cc-94b0-55aa3a76fc84","e86b5ce5-1085-418f-95d3-f62d931d3317","","P","false"
"bf460eee-eb83-4830-91db-b6467852f0e8","e86b5ce5-1085-418f-95d3-f62d931d3317","","P","false"
"be460d5b-ee83-4ce9-90db-b4b37b52f5a1","e86b5ce5-1085-418f-95d3-f62d931d3317","","P","false"
"dab8958d-15cc-4b37-ad4e-3ce5829bb18f","e86b5ce5-1085-418f-95d3-f62d931d3317","","P","false"
"d7b890d4-16cc-4cca-aa4e-382c839bb322","e86b5ce5-1085-418f-95d3-f62d931d3317","","P","false"
"d107de34-50a8-4ae2-a39c-bc0cdd77d39a","e86b5ce5-1085-418f-95d3-f62d931d3317","","A","false"
"d407e2ed-4fa8-494f-a69c-c0c5dc77d207","e86b5ce5-1085-418f-95d3-f62d931d3317","","P","false"
"e8fd290c-920f-43c6-9e58-97c42cc1a1fe","e86b5ce5-1085-418f-95d3-f62d931d3317","","P","false"
"ebfd2dc5-910f-4233-a158-9c7d2bc1a06b","e86b5ce5-1085-418f-95d3-f62d931d3317","","P","false"
"2e2202e1-13e4-4197-837c-75b90d59a26f","e86b5ce5-1085-418f-95d3-f62d931d3317","","P","false"
"2b21fe28-14e4-432a-807c-71000e59a402","e86b5ce5-1085-418f-95d3-f62d931d3317","","P","false"
"13ecb0c2-e85e-4a10-8947-55fa81d2e3c8","e86b5ce5-1085-418f-95d3-f62d931d3317","","P","false"
"12ecaf2f-eb5e-4ec9-8847-546784d2e881","e86b5ce5-1085-418f-95d3-f62d931d3317","","P","false"
"e114b38f-7236-4a59-a52a-0cf7da662841","e86b5ce5-1085-418f-95d3-f62d931d3317","","P","false"
"e214b522-6f36-45a0-a62a-0e8ad7662388","e86b5ce5-1085-418f-95d3-f62d931d3317","","P","false"
"d6cbf2e8-76c4-461a-bae1-19f0bef3a1a2","e86b5ce5-1085-418f-95d3-f62d931d3317","","A","false"
"d9cbf7a1-75c4-4487-bde1-1ea9bdf3a00f","e86b5ce5-1085-418f-95d3-f62d931d3317","","P","false"
"f9af631d-9297-46c3-a50f-cc65c2d1820b","e86b5ce5-1085-418f-95d3-f62d931d3317","","P","false"
"f6af5e64-9397-4856-a20f-c7acc3d1839e","e86b5ce5-1085-418f-95d3-f62d931d3317","","P","false"
"df7a10fe-8739-410c-899d-45c6b8afd0d4","e86b5ce5-1085-418f-95d3-f62d931d3317","","P","false"
"de7a0f6b-8a39-45c5-889d-4433bbafd58d","e86b5ce5-1085-418f-95d3-f62d931d3317","","P","false"
"c012116f-cc5d-4ae1-8b71-e397ddd47849","e86b5ce5-1085-418f-95d3-f62d931d3317","","P","false"
"c1121302-c95d-4628-8c71-e52adad47390","e86b5ce5-1085-418f-95d3-f62d931d3317","","P","false"
"348b52c8-b228-48c2-9feb-bc1062615a8a","e86b5ce5-1085-418f-95d3-f62d931d3317","","P","false"
"378b5781-b128-472f-a2eb-c0c9616158f7","e86b5ce5-1085-418f-95d3-f62d931d3317","","P","false"
"952289b9-774c-4917-a083-2561878601ff","e86b5ce5-1085-418f-95d3-f62d931d3317","","P","false"
"92228500-784c-4aaa-9d83-20a888860392","e86b5ce5-1085-418f-95d3-f62d931d3317","","P","false"
"93354178-d415-467e-adec-fa401f871626","e86b5ce5-1085-418f-95d3-f62d931d3317","2","","false"
"585951cd-b4ad-46ef-b311-d415a01e7f77","e86b5ce5-1085-418f-95d3-f62d931d3317","2","","false"
"3ce6cb2e-2927-4848-979f-4d7675d58c70","e86b5ce5-1085-418f-95d3-f62d931d3317","3","","false"
"da06b6ab-89be-4f39-b4bf-38f3f66cf5c1","e86b5ce5-1085-418f-95d3-f62d931d3317","2","","false"
"cac2b233-0a70-4cb5-9022-ca1b4e6e0a7d","e86b5ce5-1085-418f-95d3-f62d931d3317","1","","false"
"69155632-454c-4c60-ae76-379a8949fa28","e86b5ce5-1085-418f-95d3-f62d931d3317","3","","false"
"8487dcd1-70d3-43e7-a9e8-8bd99392bacf","e86b5ce5-1085-418f-95d3-f62d931d3317","2","","false"
"2bf49858-d3b3-486a-a00f-fb90c66ab802","e86b5ce5-1085-418f-95d3-f62d931d3317","2","","false"
"b77b56ff-cf25-4ca9-8b96-2317e0a00a21","e86b5ce5-1085-418f-95d3-f62d931d3317","3","","false"
"103f4cd4-7917-41da-8870-d34cd083df92","e86b5ce5-1085-418f-95d3-f62d931d3317","3","","false"
"1a60fe0b-7489-4619-93cf-b903ebf66631","e86b5ce5-1085-418f-95d3-f62d931d3317","2","","false"
"b9f0d68a-4f64-4ea4-b360-5b022595215c","e86b5ce5-1085-418f-95d3-f62d931d3317","3","","false"
"3563f449-5ac3-445b-8d95-ad21b0f33d93","e86b5ce5-1085-418f-95d3-f62d931d3317","3","","false"
"538ebf58-bda3-48de-8cfe-43d015108696","e86b5ce5-1085-418f-95d3-f62d931d3317","2","","false"
"8c5ec53e-c5bc-4de8-9a43-d6d677241900","e86b5ce5-1085-418f-95d3-f62d931d3317","3","","false"
"6cf6c5af-8ae0-4e3d-9adb-4027bc48f2d5","e86b5ce5-1085-418f-95d3-f62d931d3317","2","","false"
"e1700708-6f6e-479e-af55-18a0a0d66c36","e86b5ce5-1085-418f-95d3-f62d931d3317","3","","false"
"42073df9-0c8e-431b-b129-b6713df657b3","e86b5ce5-1085-418f-95d3-f62d931d3317","1","","false"
"c2b9cb75-f0fd-45e3-a0e0-e9ed1959e8db","e86b5ce5-1085-418f-95d3-f62d931d3317","3","","false"
"fd95bb20-908c-4e62-9a7e-db9837ad565a","e86b5ce5-1085-418f-95d3-f62d931d3317","3","","false"
"291be2a7-abff-4501-a605-9a3f331faa99","e86b5ce5-1085-418f-95d3-f62d931d3317","1","","false"
"8bfbf72a-536c-4088-979f-9972a9471a50","e86b5ce5-1085-418f-95d3-f62d931d3317","3","","false"
"876e4b69-def2-4f2f-b312-2011d4cd41d7","e86b5ce5-1085-418f-95d3-f62d931d3317","1","","false"
"fafc7d1a-ab29-4ac4-8179-57c222ee788c","e86b5ce5-1085-418f-95d3-f62d931d3317","2","","false"
"f66ed159-b688-407b-9bae-a9e12e4d5e43","e86b5ce5-1085-418f-95d3-f62d931d3317","2","","false"
"d14a29e4-5618-48fa-9689-d00c4dde0042","e86b5ce5-1085-418f-95d3-f62d931d3317","2","","false"
"dca90f9b-504d-48b9-a1e8-b5c368135261","e86b5ce5-1085-418f-95d3-f62d931d3317","3","","false"
"3f89241e-efb6-41c8-84c8-ca46e77be910","e86b5ce5-1085-418f-95d3-f62d931d3317","3","","false"
"abb30c0f-c56b-4365-a8ab-d137810eb80d","e86b5ce5-1085-418f-95d3-f62d931d3317","100","","false"
"4b1bd51e-0047-4310-a814-67e6bbeaa7b8","e86b5ce5-1085-418f-95d3-f62d931d3317","100","","false"
"668e5bbd-2bcd-4a97-8386-ee85c7709cdf","e86b5ce5-1085-418f-95d3-f62d931d3317","86.9559829413256","","false"
"dcdcdae4-66a9-4a42-b9d6-372c210f8a6a","e86b5ce5-1085-418f-95d3-f62d931d3317","98.91666630518495","","false"
"017949bc-b4b5-4426-9429-ffe4fb69e68e","e86b5ce5-1085-418f-95d3-f62d931d3317","82.24673359152354","","false"
"c69d5a11-354d-4d77-b94e-a7595c011d7f","e86b5ce5-1085-418f-95d3-f62d931d3317","64.6935639074407","","false"
"ab2ad372-0b04-4a70-bddc-531ad07a5ed8","e86b5ce5-1085-418f-95d3-f62d931d3317","78.70726495884702","","false"
"f990d43f-939f-4639-9afc-3e97290da351","e86b5ce5-1085-418f-95d3-f62d931d3317","82.03607570863267","","false"
"6e0a1598-996a-467a-af76-17100d9b1cb2","e86b5ce5-1085-418f-95d3-f62d931d3317","86.51068684828846","","false"
"3d7a528d-1fae-40a3-8f4e-1a852180b29b","e86b5ce5-1085-418f-95d3-f62d931d3317","100","","false"
"2207cbee-158c-4f6c-b3db-93e61621cce4","e86b5ce5-1085-418f-95d3-f62d931d3317","91.6554565820301","","false"
"83dc375f-dab0-4fc1-b472-fd373b467459","e86b5ce5-1085-418f-95d3-f62d931d3317","78.12152306803429","","false"
"78564238-bf3e-4922-8a2a-0a303fd4201a","e86b5ce5-1085-418f-95d3-f62d931d3317","91.31963191098185","","false"
"d8ed7929-8462-4977-8ac1-7381e4f7fe0f","e86b5ce5-1085-418f-95d3-f62d931d3317","81.35271444222508","","false"
"bd46083a-331e-48a4-ab63-3c6257b8a64c","e86b5ce5-1085-418f-95d3-f62d931d3317","96.56020770062696","","false"
"99863b7c-7ef5-45f2-81d8-c4145cefcf0a","e86b5ce5-1085-418f-95d3-f62d931d3317","99.50740116722437","","false"
"211a7a5f-b0a8-4885-93b0-54173d77013d","e76b5b52-0f84-4ffc-94d3-f49a921d3184","","P","false"
"221a7bf2-ada8-43cc-94b0-55aa3a76fc84","e76b5b52-0f84-4ffc-94d3-f49a921d3184","","P","false"
"bf460eee-eb83-4830-91db-b6467852f0e8","e76b5b52-0f84-4ffc-94d3-f49a921d3184","","P","false"
"be460d5b-ee83-4ce9-90db-b4b37b52f5a1","e76b5b52-0f84-4ffc-94d3-f49a921d3184","","P","false"
"dab8958d-15cc-4b37-ad4e-3ce5829bb18f","e76b5b52-0f84-4ffc-94d3-f49a921d3184","","P","false"
"d7b890d4-16cc-4cca-aa4e-382c839bb322","e76b5b52-0f84-4ffc-94d3-f49a921d3184","","P","false"
"d107de34-50a8-4ae2-a39c-bc0cdd77d39a","e76b5b52-0f84-4ffc-94d3-f49a921d3184","","A","false"
"d407e2ed-4fa8-494f-a69c-c0c5dc77d207","e76b5b52-0f84-4ffc-94d3-f49a921d3184","","A","false"
"e8fd290c-920f-43c6-9e58-97c42cc1a1fe","e76b5b52-0f84-4ffc-94d3-f49a921d3184","","P","false"
"ebfd2dc5-910f-4233-a158-9c7d2bc1a06b","e76b5b52-0f84-4ffc-94d3-f49a921d3184","","P","false"
"2e2202e1-13e4-4197-837c-75b90d59a26f","e76b5b52-0f84-4ffc-94d3-f49a921d3184","","A","false"
"2b21fe28-14e4-432a-807c-71000e59a402","e76b5b52-0f84-4ffc-94d3-f49a921d3184","","P","false"
"13ecb0c2-e85e-4a10-8947-55fa81d2e3c8","e76b5b52-0f84-4ffc-94d3-f49a921d3184","","P","false"
"12ecaf2f-eb5e-4ec9-8847-546784d2e881","e76b5b52-0f84-4ffc-94d3-f49a921d3184","","P","false"
"e114b38f-7236-4a59-a52a-0cf7da662841","e76b5b52-0f84-4ffc-94d3-f49a921d3184","","P","false"
"e214b522-6f36-45a0-a62a-0e8ad7662388","e76b5b52-0f84-4ffc-94d3-f49a921d3184","","P","false"
"d6cbf2e8-76c4-461a-bae1-19f0bef3a1a2","e76b5b52-0f84-4ffc-94d3-f49a921d3184","","P","false"
"d9cbf7a1-75c4-4487-bde1-1ea9bdf3a00f","e76b5b52-0f84-4ffc-94d3-f49a921d3184","","P","false"
"f9af631d-9297-46c3-a50f-cc65c2d1820b","e76b5b52-0f84-4ffc-94d3-f49a921d3184","","P","false"
"f6af5e64-9397-4856-a20f-c7acc3d1839e","e76b5b52-0f84-4ffc-94d3-f49a921d3184","","P","false"
"df7a10fe-8739-410c-899d-45c6b8afd0d4","e76b5b52-0f84-4ffc-94d3-f49a921d3184","","P","false"
"de7a0f6b-8a39-45c5-889d-4433bbafd58d","e76b5b52-0f84-4ffc-94d3-f49a921d3184","","P","false"
"c012116f-cc5d-4ae1-8b71-e397ddd47849","e76b5b52-0f84-4ffc-94d3-f49a921d3184","","A","false"
"c1121302-c95d-4628-8c71-e52adad47390","e76b5b52-0f84-4ffc-94d3-f49a921d3184","","P","false"
"348b52c8-b228-48c2-9feb-bc1062615a8a","e76b5b52-0f84-4ffc-94d3-f49a921d3184","","P","false"
"378b5781-b128-472f-a2eb-c0c9616158f7","e76b5b52-0f84-4ffc-94d3-f49a921d3184","","P","false"
"952289b9-774c-4917-a083-2561878601ff","e76b5b52-0f84-4ffc-94d3-f49a921d3184","","P","false"
"92228500-784c-4aaa-9d83-20a888860392","e76b5b52-0f84-4ffc-94d3-f49a921d3184","","P","false"
"93354178-d415-467e-adec-fa401f871626","e76b5b52-0f84-4ffc-94d3-f49a921d3184","3","","false"
"585951cd-b4ad-46ef-b311-d415a01e7f77","e76b5b52-0f84-4ffc-94d3-f49a921d3184","2","","false"
"3ce6cb2e-2927-4848-979f-4d7675d58c70","e76b5b52-0f84-4ffc-94d3-f49a921d3184","2","","false"
"da06b6ab-89be-4f39-b4bf-38f3f66cf5c1","e76b5b52-0f84-4ffc-94d3-f49a921d3184","3","","false"
"cac2b233-0a70-4cb5-9022-ca1b4e6e0a7d","e76b5b52-0f84-4ffc-94d3-f49a921d3184","1","","false"
"69155632-454c-4c60-ae76-379a8949fa28","e76b5b52-0f84-4ffc-94d3-f49a921d3184","1","","false"
"8487dcd1-70d3-43e7-a9e8-8bd99392bacf","e76b5b52-0f84-4ffc-94d3-f49a921d3184","3","","false"
"2bf49858-d3b3-486a-a00f-fb90c66ab802","e76b5b52-0f84-4ffc-94d3-f49a921d3184","0","","false"
"b77b56ff-cf25-4ca9-8b96-2317e0a00a21","e76b5b52-0f84-4ffc-94d3-f49a921d3184","3","","false"
"103f4cd4-7917-41da-8870-d34cd083df92","e76b5b52-0f84-4ffc-94d3-f49a921d3184","2","","false"
"1a60fe0b-7489-4619-93cf-b903ebf66631","e76b5b52-0f84-4ffc-94d3-f49a921d3184","3","","false"
"b9f0d68a-4f64-4ea4-b360-5b022595215c","e76b5b52-0f84-4ffc-94d3-f49a921d3184","3","","false"
"3563f449-5ac3-445b-8d95-ad21b0f33d93","e76b5b52-0f84-4ffc-94d3-f49a921d3184","2","","false"
"538ebf58-bda3-48de-8cfe-43d015108696","e76b5b52-0f84-4ffc-94d3-f49a921d3184","3","","false"
"8c5ec53e-c5bc-4de8-9a43-d6d677241900","e76b5b52-0f84-4ffc-94d3-f49a921d3184","3","","false"
"6cf6c5af-8ae0-4e3d-9adb-4027bc48f2d5","e76b5b52-0f84-4ffc-94d3-f49a921d3184","1","","false"
"e1700708-6f6e-479e-af55-18a0a0d66c36","e76b5b52-0f84-4ffc-94d3-f49a921d3184","3","","false"
"42073df9-0c8e-431b-b129-b6713df657b3","e76b5b52-0f84-4ffc-94d3-f49a921d3184","3","","false"
"c2b9cb75-f0fd-45e3-a0e0-e9ed1959e8db","e76b5b52-0f84-4ffc-94d3-f49a921d3184","3","","false"
"fd95bb20-908c-4e62-9a7e-db9837ad565a","e76b5b52-0f84-4ffc-94d3-f49a921d3184","3","","false"
"291be2a7-abff-4501-a605-9a3f331faa99","e76b5b52-0f84-4ffc-94d3-f49a921d3184","2","","false"
"8bfbf72a-536c-4088-979f-9972a9471a50","e76b5b52-0f84-4ffc-94d3-f49a921d3184","3","","false"
"876e4b69-def2-4f2f-b312-2011d4cd41d7","e76b5b52-0f84-4ffc-94d3-f49a921d3184","2","","false"
"fafc7d1a-ab29-4ac4-8179-57c222ee788c","e76b5b52-0f84-4ffc-94d3-f49a921d3184","1","","false"
"f66ed159-b688-407b-9bae-a9e12e4d5e43","e76b5b52-0f84-4ffc-94d3-f49a921d3184","3","","false"
"d14a29e4-5618-48fa-9689-d00c4dde0042","e76b5b52-0f84-4ffc-94d3-f49a921d3184","3","","false"
"dca90f9b-504d-48b9-a1e8-b5c368135261","e76b5b52-0f84-4ffc-94d3-f49a921d3184","3","","false"
"3f89241e-efb6-41c8-84c8-ca46e77be910","e76b5b52-0f84-4ffc-94d3-f49a921d3184","2","","false"
"abb30c0f-c56b-4365-a8ab-d137810eb80d","e76b5b52-0f84-4ffc-94d3-f49a921d3184","100","","false"
"4b1bd51e-0047-4310-a814-67e6bbeaa7b8","e76b5b52-0f84-4ffc-94d3-f49a921d3184","85.69580334553956","","false"
"668e5bbd-2bcd-4a97-8386-ee85c7709cdf","e76b5b52-0f84-4ffc-94d3-f49a921d3184","79.07753966935351","","false"
"dcdcdae4-66a9-4a42-b9d6-372c210f8a6a","e76b5b52-0f84-4ffc-94d3-f49a921d3184","88.02159944956168","","false"
"017949bc-b4b5-4426-9429-ffe4fb69e68e","e76b5b52-0f84-4ffc-94d3-f49a921d3184","92.27463846222219","","false"
"c69d5a11-354d-4d77-b94e-a7595c011d7f","e76b5b52-0f84-4ffc-94d3-f49a921d3184","78.52995681361372","","false"
"ab2ad372-0b04-4a70-bddc-531ad07a5ed8","e76b5b52-0f84-4ffc-94d3-f49a921d3184","76.89186500314975","","false"
"f990d43f-939f-4639-9afc-3e97290da351","e76b5b52-0f84-4ffc-94d3-f49a921d3184","92.3273432520125","","false"
"6e0a1598-996a-467a-af76-17100d9b1cb2","e76b5b52-0f84-4ffc-94d3-f49a921d3184","100","","false"
"3d7a528d-1fae-40a3-8f4e-1a852180b29b","e76b5b52-0f84-4ffc-94d3-f49a921d3184","77.21752817164958","","false"
"2207cbee-158c-4f6c-b3db-93e61621cce4","e76b5b52-0f84-4ffc-94d3-f49a921d3184","91.16636017483435","","false"
"83dc375f-dab0-4fc1-b472-fd373b467459","e76b5b52-0f84-4ffc-94d3-f49a921d3184","73.76793657385798","","false"
"78564238-bf3e-4922-8a2a-0a303fd4201a","e76b5b52-0f84-4ffc-94d3-f49a921d3184","100","","false"
"d8ed7929-8462-4977-8ac1-7381e4f7fe0f","e76b5b52-0f84-4ffc-94d3-f49a921d3184","98.35788211481952","","false"
"bd46083a-331e-48a4-ab63-3c6257b8a64c","e76b5b52-0f84-4ffc-94d3-f49a921d3184","69.27018165693883","","false"
"99863b7c-7ef5-45f2-81d8-c4145cefcf0a","e76b5b52-0f84-4ffc-94d3-f49a921d3184","100","","false"
"211a7a5f-b0a8-4885-93b0-54173d77013d","ea6b600b-1685-4b01-87d3-e023891d2359","","P","false"
"221a7bf2-ada8-43cc-94b0-55aa3a76fc84","ea6b600b-1685-4b01-87d3-e023891d2359","","P","false"
"bf460eee-eb83-4830-91db-b6467852f0e8","ea6b600b-1685-4b01-87d3-e023891d2359","","P","false"
"be460d5b-ee83-4ce9-90db-b4b37b52f5a1","ea6b600b-1685-4b01-87d3-e023891d2359","","A","false"
"dab8958d-15cc-4b37-ad4e-3ce5829bb18f","ea6b600b-1685-4b01-87d3-e023891d2359","","P","false"
"d7b890d4-16cc-4cca-aa4e-382c839bb322","ea6b600b-1685-4b01-87d3-e023891d2359","","P","false"
"d107de34-50a8-4ae2-a39c-bc0cdd77d39a","ea6b600b-1685-4b01-87d3-e023891d2359","","P","false"
"d407e2ed-4fa8-494f-a69c-c0c5dc77d207","ea6b600b-1685-4b01-87d3-e023891d2359","","A","false"
"e8fd290c-920f-43c6-9e58-97c42cc1a1fe","ea6b600b-1685-4b01-87d3-e023891d2359","","P","false"
"ebfd2dc5-910f-4233-a158-9c7d2bc1a06b","ea6b600b-1685-4b01-87d3-e023891d2359","","P","false"
"2e2202e1-13e4-4197-837c-75b90d59a26f","ea6b600b-1685-4b01-87d3-e023891d2359","","P","false"
"2b21fe28-14e4-432a-807c-71000e59a402","ea6b600b-1685-4b01-87d3-e023891d2359","","P","false"
"13ecb0c2-e85e-4a10-8947-55fa81d2e3c8","ea6b600b-1685-4b01-87d3-e023891d2359","","P","false"
"12ecaf2f-eb5e-4ec9-8847-546784d2e881","ea6b600b-1685-4b01-87d3-e023891d2359","","P","false"
"e114b38f-7236-4a59-a52a-0cf7da662841","ea6b600b-1685-4b01-87d3-e023891d2359","","A","false"
"e214b522-6f36-45a0-a62a-0e8ad7662388","ea6b600b-1685-4b01-87d3-e023891d2359","","P","false"
"d6cbf2e8-76c4-461a-bae1-19f0bef3a1a2","ea6b600b-1685-4b01-87d3-e023891d2359","","A","false"
"d9cbf7a1-75c4-4487-bde1-1ea9bdf3a00f","ea6b600b-1685-4b01-87d3-e023891d2359","","A","false"
"f9af631d-9297-46c3-a50f-cc65c2d1820b","ea6b600b-1685-4b01-87d3-e023891d2359","","P","false"
"f6af5e64-9397-4856-a20f-c7acc3d1839e","ea6b600b-1685-4b01-87d3-e023891d2359","","P","false"
"df7a10fe-8739-410c-899d-45c6b8afd0d4","ea6b600b-1685-4b01-87d3-e023891d2359","","A","false"
"de7a0f6b-8a39-45c5-889d-4433bbafd58d","ea6b600b-1685-4b01-87d3-e023891d2359","","P","false"
"c012116f-cc5d-4ae1-8b71-e397ddd47849","ea6b600b-1685-4b01-87d3-e023891d2359","","P","false"
"c1121302-c95d-4628-8c71-e52adad47390","ea6b600b-1685-4b01-87d3-e023891d2359","","P","false"
"348b52c8-b228-48c2-9feb-bc1062615a8a","ea6b600b-1685-4b01-87d3-e023891d2359","","P","false"
"378b5781-b128-472f-a2eb-c0c9616158f7","ea6b600b-1685-4b01-87d3-e023891d2359","","P","false"
"952289b9-774c-4917-a083-2561878601ff","ea6b600b-1685-4b01-87d3-e023891d2359","","A","false"
"92228500-784c-4aaa-9d83-20a888860392","ea6b600b-1685-4b01-87d3-e023891d2359","","P","false"
"93354178-d415-467e-adec-fa401f871626","ea6b600b-1685-4b01-87d3-e023891d2359","3","","false"
"585951cd-b4ad-46ef-b311-d415a01e7f77","ea6b600b-1685-4b01-87d3-e023891d2359","3","","false"
"3ce6cb2e-2927-4848-979f-4d7675d58c70","ea6b600b-1685-4b01-87d3-e023891d2359","2","","false"
"da06b6ab-89be-4f39-b4bf-38f3f66cf5c1","ea6b600b-1685-4b01-87d3-e023891d2359","3","","false"
"cac2b233-0a70-4cb5-9022-ca1b4e6e0a7d","ea6b600b-1685-4b01-87d3-e023891d2359","0","","false"
"69155632-454c-4c60-ae76-379a8949fa28","ea6b600b-1685-4b01-87d3-e023891d2359","2","","false"
"8487dcd1-70d3-43e7-a9e8-8bd99392bacf","ea6b600b-1685-4b01-87d3-e023891d2359","1","","false"
"2bf49858-d3b3-486a-a00f-fb90c66ab802","ea6b600b-1685-4b01-87d3-e023891d2359","3","","false"
"b77b56ff-cf25-4ca9-8b96-2317e0a00a21","ea6b600b-1685-4b01-87d3-e023891d2359","3","","false"
"103f4cd4-7917-41da-8870-d34cd083df92","ea6b600b-1685-4b01-87d3-e023891d2359","1","","false"
"1a60fe0b-7489-4619-93cf-b903ebf66631","ea6b600b-1685-4b01-87d3-e023891d2359","0","","false"
"b9f0d68a-4f64-4ea4-b360-5b022595215c","ea6b600b-1685-4b01-87d3-e023891d2359","1","","false"
"3563f449-5ac3-445b-8d95-ad21b0f33d93","ea6b600b-1685-4b01-87d3-e023891d2359","2","","false"
"538ebf58-bda3-48de-8cfe-43d015108696","ea6b600b-1685-4b01-87d3-e023891d2359","2","","false"
"8c5ec53e-c5bc-4de8-9a43-d6d677241900","ea6b600b-1685-4b01-87d3-e023891d2359","3","","false"
"6cf6c5af-8ae0-4e3d-9adb-4027bc48f2d5","ea6b600b-1685-4b01-87d3-e023891d2359","3","","false"
"e1700708-6f6e-479e-af55-18a0a0d66c36","ea6b600b-1685-4b01-87d3-e023891d2359","2","","false"
"42073df9-0c8e-431b-b129-b6713df657b3","ea6b600b-1685-4b01-87d3-e023891d2359","1","","false"
"c2b9cb75-f0fd-45e3-a0e0-e9ed1959e8db","ea6b600b-1685-4b01-87d3-e023891d2359","1","","false"
"fd95bb20-908c-4e62-9a7e-db9837ad565a","ea6b600b-1685-4b01-87d3-e023891d2359","3","","false"
"291be2a7-abff-4501-a605-9a3f331faa99","ea6b600b-1685-4b01-87d3-e023891d2359","0","","false"
"8bfbf72a-536c-4088-979f-9972a9471a50","ea6b600b-1685-4b01-87d3-e023891d2359","2","","false"
"876e4b69-def2-4f2f-b312-2011d4cd41d7","ea6b600b-1685-4b01-87d3-e023891d2359","2","","false"
"fafc7d1a-ab29-4ac4-8179-57c222ee788c","ea6b600b-1685-4b01-87d3-e023891d2359","3","","false"
"f66ed159-b688-407b-9bae-a9e12e4d5e43","ea6b600b-1685-4b01-87d3-e023891d2359","2","","false"
"d14a29e4-5618-48fa-9689-d00c4dde0042","ea6b600b-1685-4b01-87d3-e023891d2359","0","","false"
"dca90f9b-504d-48b9-a1e8-b5c368135261","ea6b600b-1685-4b01-87d3-e023891d2359","3","","false"
"3f89241e-efb6-41c8-84c8-ca46e77be910","ea6b600b-1685-4b01-87d3-e023891d2359","3","","false"
"abb30c0f-c56b-4365-a8ab-d137810eb80d","ea6b600b-1685-4b01-87d3-e023891d2359","86.66360370202682","","false"
"4b1bd51e-0047-4310-a814-67e6bbeaa7b8","ea6b600b-1685-4b01-87d3-e023891d2359","76.47654499462075","","false"
"668e5bbd-2bcd-4a97-8386-ee85c7709cdf","ea6b600b-1685-4b01-87d3-e023891d2359","77.85084974475674","","false"
"dcdcdae4-66a9-4a42-b9d6-372c210f8a6a","ea6b600b-1685-4b01-87d3-e023891d2359","36.21255862007894","","false"
"017949bc-b4b5-4426-9429-ffe4fb69e68e","ea6b600b-1685-4b01-87d3-e023891d2359","66.42523905120177","","false"
"c69d5a11-354d-4d77-b94e-a7595c011d7f","ea6b600b-1685-4b01-87d3-e023891d2359","78.24345461993977","","false"
"ab2ad372-0b04-4a70-bddc-531ad07a5ed8","ea6b600b-1685-4b01-87d3-e023891d2359","79.34752851294118","","false"
"f990d43f-939f-4639-9afc-3e97290da351","ea6b600b-1685-4b01-87d3-e023891d2359","66.75422749504398","","false"
"6e0a1598-996a-467a-af76-17100d9b1cb2","ea6b600b-1685-4b01-87d3-e023891d2359","74.51947294754825","","false"
"3d7a528d-1fae-40a3-8f4e-1a852180b29b","ea6b600b-1685-4b01-87d3-e023891d2359","68.90580935026031","","false"
"2207cbee-158c-4f6c-b3db-93e61621cce4","ea6b600b-1685-4b01-87d3-e023891d2359","100","","false"
"83dc375f-dab0-4fc1-b472-fd373b467459","ea6b600b-1685-4b01-87d3-e023891d2359","80.07145969744857","","false"
"78564238-bf3e-4922-8a2a-0a303fd4201a","ea6b600b-1685-4b01-87d3-e023891d2359","83.2979834744269","","false"
"d8ed7929-8462-4977-8ac1-7381e4f7fe0f","ea6b600b-1685-4b01-87d3-e023891d2359","49.950189716375235","","false"
"bd46083a-331e-48a4-ab63-3c6257b8a64c","ea6b600b-1685-4b01-87d3-e023891d2359","50.811728784211056","","false"
"99863b7c-7ef5-45f2-81d8-c4145cefcf0a","ea6b600b-1685-4b01-87d3-e023891d2359","94.90301851609576","","false"
"211a7a5f-b0a8-4885-93b0-54173d77013d","e96b5e78-1585-496e-86d3-de90881d21c6","","A","false"
"221a7bf2-ada8-43cc-94b0-55aa3a76fc84","e96b5e78-1585-496e-86d3-de90881d21c6","","P","false"
"bf460eee-eb83-4830-91db-b6467852f0e8","e96b5e78-1585-496e-86d3-de90881d21c6","","A","false"
"be460d5b-ee83-4ce9-90db-b4b37b52f5a1","e96b5e78-1585-496e-86d3-de90881d21c6","","P","false"
"dab8958d-15cc-4b37-ad4e-3ce5829bb18f","e96b5e78-1585-496e-86d3-de90881d21c6","","P","false"
"d7b890d4-16cc-4cca-aa4e-382c839bb322","e96b5e78-1585-496e-86d3-de90881d21c6","","A","false"
"d107de34-50a8-4ae2-a39c-bc0cdd77d39a","e96b5e78-1585-496e-86d3-de90881d21c6","","A","false"
"d407e2ed-4fa8-494f-a69c-c0c5dc77d207","e96b5e78-1585-496e-86d3-de90881d21c6","","P","false"
"e8fd290c-920f-43c6-9e58-97c42cc1a1fe","e96b5e78-1585-496e-86d3-de90881d21c6","","P","false"
"ebfd2dc5-910f-4233-a158-9c7d2bc1a06b","e96b5e78-1585-496e-86d3-de90881d21c6","","A","false"
"2e2202e1-13e4-4197-837c-75b90d59a26f","e96b5e78-1585-496e-86d3-de90881d21c6","","A","false"
"2b21fe28-14e4-432a-807c-71000e59a402","e96b5e78-1585-496e-86d3-de90881d21c6","","P","false"
"13ecb0c2-e85e-4a10-8947-55fa81d2e3c8","e96b5e78-1585-496e-86d3-de90881d21c6","","P","false"
"12ecaf2f-eb5e-4ec9-8847-546784d2e881","e96b5e78-1585-496e-86d3-de90881d21c6","","A","false"
"e114b38f-7236-4a59-a52a-0cf7da662841","e96b5e78-1585-496e-86d3-de90881d21c6","","A","false"
"e214b522-6f36-45a0-a62a-0e8ad7662388","e96b5e78-1585-496e-86d3-de90881d21c6","","A","false"
"d6cbf2e8-76c4-461a-bae1-19f0bef3a1a2","e96b5e78-1585-496e-86d3-de90881d21c6","","P","false"
"d9cbf7a1-75c4-4487-bde1-1ea9bdf3a00f","e96b5e78-1585-496e-86d3-de90881d21c6","","A","false"
"f9af631d-9297-46c3-a50f-cc65c2d1820b","e96b5e78-1585-496e-86d3-de90881d21c6","","A","false"
"f6af5e64-9397-4856-a20f-c7acc3d1839e","e96b5e78-1585-496e-86d3-de90881d21c6","","P","false"
"df7a10fe-8739-410c-899d-45c6b8afd0d4","e96b5e78-1585-496e-86d3-de90881d21c6","","P","false"
"de7a0f6b-8a39-45c5-889d-4433bbafd58d","e96b5e78-1585-496e-86d3-de90881d21c6","","P","false"
"c012116f-cc5d-4ae1-8b71-e397ddd47849","e96b5e78-1585-496e-86d3-de90881d21c6","","A","false"
"c1121302-c95d-4628-8c71-e52adad47390","e96b5e78-1585-496e-86d3-de90881d21c6","","A","false"
"348b52c8-b228-48c2-9feb-bc1062615a8a","e96b5e78-1585-496e-86d3-de90881d21c6","","A","false"
"378b5781-b128-472f-a2eb-c0c9616158f7","e96b5e78-1585-496e-86d3-de90881d21c6","","P","false"
"952289b9-774c-4917-a083-2561878601ff","e96b5e78-1585-496e-86d3-de90881d21c6","","P","false"
"92228500-784c-4aaa-9d83-20a888860392","e96b5e78-1585-496e-86d3-de90881d21c6","","A","false"
"93354178-d415-467e-adec-fa401f871626","e96b5e78-1585-496e-86d3-de90881d21c6","0","","false"
"585951cd-b4ad-46ef-b311-d415a01e7f77","e96b5e78-1585-496e-86d3-de90881d21c6","3","","false"
"3ce6cb2e-2927-4848-979f-4d7675d58c70","e96b5e78-1585-496e-86d3-de90881d21c6","2","","false"
"da06b6ab-89be-4f39-b4bf-38f3f66cf5c1","e96b5e78-1585-496e-86d3-de90881d21c6","1","","false"
"cac2b233-0a70-4cb5-9022-ca1b4e6e0a7d","e96b5e78-1585-496e-86d3-de90881d21c6","2","","false"
"69155632-454c-4c60-ae76-379a8949fa28","e96b5e78-1585-496e-86d3-de90881d21c6","2","","false"
"8487dcd1-70d3-43e7-a9e8-8bd99392bacf","e96b5e78-1585-496e-86d3-de90881d21c6","1","","false"
"2bf49858-d3b3-486a-a00f-fb90c66ab802","e96b5e78-1585-496e-86d3-de90881d21c6","2","","false"
"b77b56ff-cf25-4ca9-8b96-2317e0a00a21","e96b5e78-1585-496e-86d3-de90881d21c6","0","","false"
"103f4cd4-7917-41da-8870-d34cd083df92","e96b5e78-1585-496e-86d3-de90881d21c6","3","","false"
"1a60fe0b-7489-4619-93cf-b903ebf66631","e96b5e78-1585-496e-86d3-de90881d21c6","0","","false"
"b9f0d68a-4f64-4ea4-b360-5b022595215c","e96b5e78-1585-496e-86d3-de90881d21c6","1","","false"
"3563f449-5ac3-445b-8d95-ad21b0f33d93","e96b5e78-1585-496e-86d3-de90881d21c6","3","","false"
"538ebf58-bda3-48de-8cfe-43d015108696","e96b5e78-1585-496e-86d3-de90881d21c6","3","","false"
"8c5ec53e-c5bc-4de8-9a43-d6d677241900","e96b5e78-1585-496e-86d3-de90881d21c6","0","","false"
"6cf6c5af-8ae0-4e3d-9adb-4027bc48f2d5","e96b5e78-1585-496e-86d3-de90881d21c6","1","","false"
"e1700708-6f6e-479e-af55-18a0a0d66c36","e96b5e78-1585-496e-86d3-de90881d21c6","0","","false"
"42073df9-0c8e-431b-b129-b6713df657b3","e96b5e78-1585-496e-86d3-de90881d21c6","3","","false"
"c2b9cb75-f0fd-45e3-a0e0-e9ed1959e8db","e96b5e78-1585-496e-86d3-de90881d21c6","1","","false"
"fd95bb20-908c-4e62-9a7e-db9837ad565a","e96b5e78-1585-496e-86d3-de90881d21c6","3","","false"
"291be2a7-abff-4501-a605-9a3f331faa99","e96b5e78-1585-496e-86d3-de90881d21c6","2","","false"
"8bfbf72a-536c-4088-979f-9972a9471a50","e96b5e78-1585-496e-86d3-de90881d21c6","2","","false"
"876e4b69-def2-4f2f-b312-2011d4cd41d7","e96b5e78-1585-496e-86d3-de90881d21c6","0","","false"
"fafc7d1a-ab29-4ac4-8179-57c222ee788c","e96b5e78-1585-496e-86d3-de90881d21c6","1","","false"
"f66ed159-b688-407b-9bae-a9e12e4d5e43","e96b5e78-1585-496e-86d3-de90881d21c6","2","","false"
"d14a29e4-5618-48fa-9689-d00c4dde0042","e96b5e78-1585-496e-86d3-de90881d21c6","0","","false"
"dca90f9b-504d-48b9-a1e8-b5c368135261","e96b5e78-1585-496e-86d3-de90881d21c6","1","","false"
"3f89241e-efb6-41c8-84c8-ca46e77be910","e96b5e78-1585-496e-86d3-de90881d21c6","0","","false"
"abb30c0f-c56b-4365-a8ab-d137810eb80d","e96b5e78-1585-496e-86d3-de90881d21c6","60.30399327938227","","false"
"4b1bd51e-0047-4310-a814-67e6bbeaa7b8","e96b5e78-1585-496e-86d3-de90881d21c6","52.510320771410846","","false"
"668e5bbd-2bcd-4a97-8386-ee85c7709cdf","e96b5e78-1585-496e-86d3-de90881d21c6","56.04147449157689","","false"
"dcdcdae4-66a9-4a42-b9d6-372c210f8a6a","e96b5e78-1585-496e-86d3-de90881d21c6","64.3682332736312","","false"
"017949bc-b4b5-4426-9429-ffe4fb69e68e","e96b5e78-1585-496e-86d3-de90881d21c6","66.68348096682632","","false"
"c69d5a11-354d-4d77-b94e-a7595c011d7f","e96b5e78-1585-496e-86d3-de90881d21c6","56.413410550386786","","false"
"ab2ad372-0b04-4a70-bddc-531ad07a5ed8","e96b5e78-1585-496e-86d3-de90881d21c6","58.60187018259791","","false"
"f990d43f-939f-4639-9afc-3e97290da351","e96b5e78-1585-496e-86d3-de90881d21c6","89.9645605718897","","false"
"6e0a1598-996a-467a-af76-17100d9b1cb2","e96b5e78-1585-496e-86d3-de90881d21c6","36.17104639518101","","false"
"3d7a528d-1fae-40a3-8f4e-1a852180b29b","e96b5e78-1585-496e-86d3-de90881d21c6","47.02893091445284","","false"
"2207cbee-158c-4f6c-b3db-93e61621cce4","e96b5e78-1585-496e-86d3-de90881d21c6","44.01012489261501","","false"
"83dc375f-dab0-4fc1-b472-fd373b467459","e96b5e78-1585-496e-86d3-de90881d21c6","33.21696378511851","","false"
"78564238-bf3e-4922-8a2a-0a303fd4201a","e96b5e78-1585-496e-86d3-de90881d21c6","74.47356185544604","","false"
"d8ed7929-8462-4977-8ac1-7381e4f7fe0f","e96b5e78-1585-496e-86d3-de90881d21c6","79.84399603709886","","false"
"bd46083a-331e-48a4-ab63-3c6257b8a64c","e96b5e78-1585-496e-86d3-de90881d21c6","62.7696431209406","","false"
"99863b7c-7ef5-45f2-81d8-c4145cefcf0a","e96b5e78-1585-496e-86d3-de90881d21c6","81.52323819977647","","false"
"211a7a5f-b0a8-4885-93b0-54173d77013d","abf1ca70-2e5a-4e12-af9b-16c84bf0172a","","P","false"
"221a7bf2-ada8-43cc-94b0-55aa3a76fc84","abf1ca70-2e5a-4e12-af9b-16c84bf0172a","","P","false"
"bf460eee-eb83-4830-91db-b6467852f0e8","abf1ca70-2e5a-4e12-af9b-16c84bf0172a","","P","false"
"be460d5b-ee83-4ce9-90db-b4b37b52f5a1","abf1ca70-2e5a-4e12-af9b-16c84bf0172a","","P","false"
"dab8958d-15cc-4b37-ad4e-3ce5829bb18f","abf1ca70-2e5a-4e12-af9b-16c84bf0172a","","A","false"
"d7b890d4-16cc-4cca-aa4e-382c839bb322","abf1ca70-2e5a-4e12-af9b-16c84bf0172a","","P","false"
"d107de34-50a8-4ae2-a39c-bc0cdd77d39a","abf1ca70-2e5a-4e12-af9b-16c84bf0172a","","P","false"
"d407e2ed-4fa8-494f-a69c-c0c5dc77d207","abf1ca70-2e5a-4e12-af9b-16c84bf0172a","","P","false"
"e8fd290c-920f-43c6-9e58-97c42cc1a1fe","abf1ca70-2e5a-4e12-af9b-16c84bf0172a","","P","false"
"ebfd2dc5-910f-4233-a158-9c7d2bc1a06b","abf1ca70-2e5a-4e12-af9b-16c84bf0172a","","P","false"
"2e2202e1-13e4-4197-837c-75b90d59a26f","abf1ca70-2e5a-4e12-af9b-16c84bf0172a","","P","false"
"2b21fe28-14e4-432a-807c-71000e59a402","abf1ca70-2e5a-4e12-af9b-16c84bf0172a","","P","false"
"13ecb0c2-e85e-4a10-8947-55fa81d2e3c8","abf1ca70-2e5a-4e12-af9b-16c84bf0172a","","P","false"
"12ecaf2f-eb5e-4ec9-8847-546784d2e881","abf1ca70-2e5a-4e12-af9b-16c84bf0172a","","P","false"
"e114b38f-7236-4a59-a52a-0cf7da662841","abf1ca70-2e5a-4e12-af9b-16c84bf0172a","","A","false"
"e214b522-6f36-45a0-a62a-0e8ad7662388","abf1ca70-2e5a-4e12-af9b-16c84bf0172a","","A","false"
"d6cbf2e8-76c4-461a-bae1-19f0bef3a1a2","abf1ca70-2e5a-4e12-af9b-16c84bf0172a","","P","false"
"d9cbf7a1-75c4-4487-bde1-1ea9bdf3a00f","abf1ca70-2e5a-4e12-af9b-16c84bf0172a","","P","false"
"f9af631d-9297-46c3-a50f-cc65c2d1820b","abf1ca70-2e5a-4e12-af9b-16c84bf0172a","","A","false"
"f6af5e64-9397-4856-a20f-c7acc3d1839e","abf1ca70-2e5a-4e12-af9b-16c84bf0172a","","P","false"
"df7a10fe-8739-410c-899d-45c6b8afd0d4","abf1ca70-2e5a-4e12-af9b-16c84bf0172a","","P","false"
"de7a0f6b-8a39-45c5-889d-4433bbafd58d","abf1ca70-2e5a-4e12-af9b-16c84bf0172a","","P","false"
"c012116f-cc5d-4ae1-8b71-e397ddd47849","abf1ca70-2e5a-4e12-af9b-16c84bf0172a","","A","false"
"c1121302-c95d-4628-8c71-e52adad47390","abf1ca70-2e5a-4e12-af9b-16c84bf0172a","","P","false"
"348b52c8-b228-48c2-9feb-bc1062615a8a","abf1ca70-2e5a-4e12-af9b-16c84bf0172a","","P","false"
"378b5781-b128-472f-a2eb-c0c9616158f7","abf1ca70-2e5a-4e12-af9b-16c84bf0172a","","P","false"
"952289b9-774c-4917-a083-2561878601ff","abf1ca70-2e5a-4e12-af9b-16c84bf0172a","","P","false"
"92228500-784c-4aaa-9d83-20a888860392","abf1ca70-2e5a-4e12-af9b-16c84bf0172a","","P","false"
"93354178-d415-467e-adec-fa401f871626","abf1ca70-2e5a-4e12-af9b-16c84bf0172a","3","","false"
"585951cd-b4ad-46ef-b311-d415a01e7f77","abf1ca70-2e5a-4e12-af9b-16c84bf0172a","2","","false"
"3ce6cb2e-2927-4848-979f-4d7675d58c70","abf1ca70-2e5a-4e12-af9b-16c84bf0172a","3","","false"
"da06b6ab-89be-4f39-b4bf-38f3f66cf5c1","abf1ca70-2e5a-4e12-af9b-16c84bf0172a","0","","false"
"cac2b233-0a70-4cb5-9022-ca1b4e6e0a7d","abf1ca70-2e5a-4e12-af9b-16c84bf0172a","3","","false"
"69155632-454c-4c60-ae76-379a8949fa28","abf1ca70-2e5a-4e12-af9b-16c84bf0172a","1","","false"
"8487dcd1-70d3-43e7-a9e8-8bd99392bacf","abf1ca70-2e5a-4e12-af9b-16c84bf0172a","0","","false"
"2bf49858-d3b3-486a-a00f-fb90c66ab802","abf1ca70-2e5a-4e12-af9b-16c84bf0172a","3","","false"
"b77b56ff-cf25-4ca9-8b96-2317e0a00a21","abf1ca70-2e5a-4e12-af9b-16c84bf0172a","0","","false"
"103f4cd4-7917-41da-8870-d34cd083df92","abf1ca70-2e5a-4e12-af9b-16c84bf0172a","3","","false"
"1a60fe0b-7489-4619-93cf-b903ebf66631","abf1ca70-2e5a-4e12-af9b-16c84bf0172a","3","","false"
"b9f0d68a-4f64-4ea4-b360-5b022595215c","abf1ca70-2e5a-4e12-af9b-16c84bf0172a","1","","false"
"3563f449-5ac3-445b-8d95-ad21b0f33d93","abf1ca70-2e5a-4e12-af9b-16c84bf0172a","1","","false"
"538ebf58-bda3-48de-8cfe-43d015108696","abf1ca70-2e5a-4e12-af9b-16c84bf0172a","2","","false"
"8c5ec53e-c5bc-4de8-9a43-d6d677241900","abf1ca70-2e5a-4e12-af9b-16c84bf0172a","3","","false"
"6cf6c5af-8ae0-4e3d-9adb-4027bc48f2d5","abf1ca70-2e5a-4e12-af9b-16c84bf0172a","2","","false"
"e1700708-6f6e-479e-af55-18a0a0d66c36","abf1ca70-2e5a-4e12-af9b-16c84bf0172a","3","","false"
"42073df9-0c8e-431b-b129-b6713df657b3","abf1ca70-2e5a-4e12-af9b-16c84bf0172a","3","","false"
"c2b9cb75-f0fd-45e3-a0e0-e9ed1959e8db","abf1ca70-2e5a-4e12-af9b-16c84bf0172a","1","","false"
"fd95bb20-908c-4e62-9a7e-db9837ad565a","abf1ca70-2e5a-4e12-af9b-16c84bf0172a","2","","false"
"291be2a7-abff-4501-a605-9a3f331faa99","abf1ca70-2e5a-4e12-af9b-16c84bf0172a","0","","false"
"8bfbf72a-536c-4088-979f-9972a9471a50","abf1ca70-2e5a-4e12-af9b-16c84bf0172a","2","","false"
"876e4b69-def2-4f2f-b312-2011d4cd41d7","abf1ca70-2e5a-4e12-af9b-16c84bf0172a","3","","false"
"fafc7d1a-ab29-4ac4-8179-57c222ee788c","abf1ca70-2e5a-4e12-af9b-16c84bf0172a","2","","false"
"f66ed159-b688-407b-9bae-a9e12e4d5e43","abf1ca70-2e5a-4e12-af9b-16c84bf0172a","1","","false"
"d14a29e4-5618-48fa-9689-d00c4dde0042","abf1ca70-2e5a-4e12-af9b-16c84bf0172a","3","","false"
"dca90f9b-504d-48b9-a1e8-b5c368135261","abf1ca70-2e5a-4e12-af9b-16c84bf0172a","3","","false"
"3f89241e-efb6-41c8-84c8-ca46e77be910","abf1ca70-2e5a-4e12-af9b-16c84bf0172a","1","","false"
"abb30c0f-c56b-4365-a8ab-d137810eb80d","abf1ca70-2e5a-4e12-af9b-16c84bf0172a","71.59570200877019","","false"
"4b1bd51e-0047-4310-a814-67e6bbeaa7b8","abf1ca70-2e5a-4e12-af9b-16c84bf0172a","68.99157139377593","","false"
"668e5bbd-2bcd-4a97-8386-ee85c7709cdf","abf1ca70-2e5a-4e12-af9b-16c84bf0172a","75.5984786016648","","false"
"dcdcdae4-66a9-4a42-b9d6-372c210f8a6a","abf1ca70-2e5a-4e12-af9b-16c84bf0172a","66.75745500597242","","false"
"017949bc-b4b5-4426-9429-ffe4fb69e68e","abf1ca70-2e5a-4e12-af9b-16c84bf0172a","68.71753263079208","","false"
"c69d5a11-354d-4d77-b94e-a7595c011d7f","abf1ca70-2e5a-4e12-af9b-16c84bf0172a","73.91640265180752","","false"
"ab2ad372-0b04-4a70-bddc-531ad07a5ed8","abf1ca70-2e5a-4e12-af9b-16c84bf0172a","83.7026282594694","","false"
"f990d43f-939f-4639-9afc-3e97290da351","abf1ca70-2e5a-4e12-af9b-16c84bf0172a","72.29916872242742","","false"
"6e0a1598-996a-467a-af76-17100d9b1cb2","abf1ca70-2e5a-4e12-af9b-16c84bf0172a","63.79257491991811","","false"
"3d7a528d-1fae-40a3-8f4e-1a852180b29b","abf1ca70-2e5a-4e12-af9b-16c84bf0172a","76.84524172188594","","false"
"2207cbee-158c-4f6c-b3db-93e61621cce4","abf1ca70-2e5a-4e12-af9b-16c84bf0172a","50.059362574687526","","false"
"83dc375f-dab0-4fc1-b472-fd373b467459","abf1ca70-2e5a-4e12-af9b-16c84bf0172a","88.62211423126521","","false"
"78564238-bf3e-4922-8a2a-0a303fd4201a","abf1ca70-2e5a-4e12-af9b-16c84bf0172a","78.43519842586727","","false"
"d8ed7929-8462-4977-8ac1-7381e4f7fe0f","abf1ca70-2e5a-4e12-af9b-16c84bf0172a","65.06730375409063","","false"
"bd46083a-331e-48a4-ab63-3c6257b8a64c","abf1ca70-2e5a-4e12-af9b-16c84bf0172a","100","","false"
"99863b7c-7ef5-45f2-81d8-c4145cefcf0a","abf1ca70-2e5a-4e12-af9b-16c84bf0172a","89.73520112788964","","false"
"211a7a5f-b0a8-4885-93b0-54173d77013d","acf1cc03-2f5a-4fa5-b09b-185b4cf018bd","","P","false"
"221a7bf2-ada8-43cc-94b0-55aa3a76fc84","acf1cc03-2f5a-4fa5-b09b-185b4cf018bd","","P","false"
"bf460eee-eb83-4830-91db-b6467852f0e8","acf1cc03-2f5a-4fa5-b09b-185b4cf018bd","","A","false"
"be460d5b-ee83-4ce9-90db-b4b37b52f5a1","acf1cc03-2f5a-4fa5-b09b-185b4cf018bd","","A","false"
"dab8958d-15cc-4b37-ad4e-3ce5829bb18f","acf1cc03-2f5a-4fa5-b09b-185b4cf018bd","","P","false"
"d7b890d4-16cc-4cca-aa4e-382c839bb322","acf1cc03-2f5a-4fa5-b09b-185b4cf018bd","","P","false"
"d107de34-50a8-4ae2-a39c-bc0cdd77d39a","acf1cc03-2f5a-4fa5-b09b-185b4cf018bd","","P","false"
"d407e2ed-4fa8-494f-a69c-c0c5dc77d207","acf1cc03-2f5a-4fa5-b09b-185b4cf018bd","","P","false"
"e8fd290c-920f-43c6-9e58-97c42cc1a1fe","acf1cc03-2f5a-4fa5-b09b-185b4cf018bd","","P","false"
"ebfd2dc5-910f-4233-a158-9c7d2bc1a06b","acf1cc03-2f5a-4fa5-b09b-185b4cf018bd","","A","false"
"2e2202e1-13e4-4197-837c-75b90d59a26f","acf1cc03-2f5a-4fa5-b09b-185b4cf018bd","","A","false"
"2b21fe28-14e4-432a-807c-71000e59a402","acf1cc03-2f5a-4fa5-b09b-185b4cf018bd","","P","false"
"13ecb0c2-e85e-4a10-8947-55fa81d2e3c8","acf1cc03-2f5a-4fa5-b09b-185b4cf018bd","","P","false"
"12ecaf2f-eb5e-4ec9-8847-546784d2e881","acf1cc03-2f5a-4fa5-b09b-185b4cf018bd","","P","false"
"e114b38f-7236-4a59-a52a-0cf7da662841","acf1cc03-2f5a-4fa5-b09b-185b4cf018bd","","P","false"
"e214b522-6f36-45a0-a62a-0e8ad7662388","acf1cc03-2f5a-4fa5-b09b-185b4cf018bd","","P","false"
"d6cbf2e8-76c4-461a-bae1-19f0bef3a1a2","acf1cc03-2f5a-4fa5-b09b-185b4cf018bd","","A","false"
"d9cbf7a1-75c4-4487-bde1-1ea9bdf3a00f","acf1cc03-2f5a-4fa5-b09b-185b4cf018bd","","P","false"
"f9af631d-9297-46c3-a50f-cc65c2d1820b","acf1cc03-2f5a-4fa5-b09b-185b4cf018bd","","A","false"
"f6af5e64-9397-4856-a20f-c7acc3d1839e","acf1cc03-2f5a-4fa5-b09b-185b4cf018bd","","P","false"
"df7a10fe-8739-410c-899d-45c6b8afd0d4","acf1cc03-2f5a-4fa5-b09b-185b4cf018bd","","P","false"
"de7a0f6b-8a39-45c5-889d-4433bbafd58d","acf1cc03-2f5a-4fa5-b09b-185b4cf018bd","","P","false"
"c012116f-cc5d-4ae1-8b71-e397ddd47849","acf1cc03-2f5a-4fa5-b09b-185b4cf018bd","","P","false"
"c1121302-c95d-4628-8c71-e52adad47390","acf1cc03-2f5a-4fa5-b09b-185b4cf018bd","","P","false"
"348b52c8-b228-48c2-9feb-bc1062615a8a","acf1cc03-2f5a-4fa5-b09b-185b4cf018bd","","P","false"
"378b5781-b128-472f-a2eb-c0c9616158f7","acf1cc03-2f5a-4fa5-b09b-185b4cf018bd","","P","false"
"952289b9-774c-4917-a083-2561878601ff","acf1cc03-2f5a-4fa5-b09b-185b4cf018bd","","A","false"
"92228500-784c-4aaa-9d83-20a888860392","acf1cc03-2f5a-4fa5-b09b-185b4cf018bd","","A","false"
"93354178-d415-467e-adec-fa401f871626","acf1cc03-2f5a-4fa5-b09b-185b4cf018bd","3","","false"
"585951cd-b4ad-46ef-b311-d415a01e7f77","acf1cc03-2f5a-4fa5-b09b-185b4cf018bd","3","","false"
"3ce6cb2e-2927-4848-979f-4d7675d58c70","acf1cc03-2f5a-4fa5-b09b-185b4cf018bd","3","","false"
"da06b6ab-89be-4f39-b4bf-38f3f66cf5c1","acf1cc03-2f5a-4fa5-b09b-185b4cf018bd","3","","false"
"cac2b233-0a70-4cb5-9022-ca1b4e6e0a7d","acf1cc03-2f5a-4fa5-b09b-185b4cf018bd","1","","false"
"69155632-454c-4c60-ae76-379a8949fa28","acf1cc03-2f5a-4fa5-b09b-185b4cf018bd","1","","false"
"8487dcd1-70d3-43e7-a9e8-8bd99392bacf","acf1cc03-2f5a-4fa5-b09b-185b4cf018bd","1","","false"
"2bf49858-d3b3-486a-a00f-fb90c66ab802","acf1cc03-2f5a-4fa5-b09b-185b4cf018bd","3","","false"
"b77b56ff-cf25-4ca9-8b96-2317e0a00a21","acf1cc03-2f5a-4fa5-b09b-185b4cf018bd","1","","false"
"103f4cd4-7917-41da-8870-d34cd083df92","acf1cc03-2f5a-4fa5-b09b-185b4cf018bd","0","","false"
"1a60fe0b-7489-4619-93cf-b903ebf66631","acf1cc03-2f5a-4fa5-b09b-185b4cf018bd","1","","false"
"b9f0d68a-4f64-4ea4-b360-5b022595215c","acf1cc03-2f5a-4fa5-b09b-185b4cf018bd","1","","false"
"3563f449-5ac3-445b-8d95-ad21b0f33d93","acf1cc03-2f5a-4fa5-b09b-185b4cf018bd","3","","false"
"538ebf58-bda3-48de-8cfe-43d015108696","acf1cc03-2f5a-4fa5-b09b-185b4cf018bd","3","","false"
"8c5ec53e-c5bc-4de8-9a43-d6d677241900","acf1cc03-2f5a-4fa5-b09b-185b4cf018bd","2","","false"
"6cf6c5af-8ae0-4e3d-9adb-4027bc48f2d5","acf1cc03-2f5a-4fa5-b09b-185b4cf018bd","1","","false"
"e1700708-6f6e-479e-af55-18a0a0d66c36","acf1cc03-2f5a-4fa5-b09b-185b4cf018bd","3","","false"
"42073df9-0c8e-431b-b129-b6713df657b3","acf1cc03-2f5a-4fa5-b09b-185b4cf018bd","2","","false"
"c2b9cb75-f0fd-45e3-a0e0-e9ed1959e8db","acf1cc03-2f5a-4fa5-b09b-185b4cf018bd","1","","false"
"fd95bb20-908c-4e62-9a7e-db9837ad565a","acf1cc03-2f5a-4fa5-b09b-185b4cf018bd","3","","false"
"291be2a7-abff-4501-a605-9a3f331faa99","acf1cc03-2f5a-4fa5-b09b-185b4cf018bd","2","","false"
"8bfbf72a-536c-4088-979f-9972a9471a50","acf1cc03-2f5a-4fa5-b09b-185b4cf018bd","3","","false"
"876e4b69-def2-4f2f-b312-2011d4cd41d7","acf1cc03-2f5a-4fa5-b09b-185b4cf018bd","3","","false"
"fafc7d1a-ab29-4ac4-8179-57c222ee788c","acf1cc03-2f5a-4fa5-b09b-185b4cf018bd","2","","false"
"f66ed159-b688-407b-9bae-a9e12e4d5e43","acf1cc03-2f5a-4fa5-b09b-185b4cf018bd","1","","false"
"d14a29e4-5618-48fa-9689-d00c4dde0042","acf1cc03-2f5a-4fa5-b09b-185b4cf018bd","3","","false"
"dca90f9b-504d-48b9-a1e8-b5c368135261","acf1cc03-2f5a-4fa5-b09b-185b4cf018bd","3","","false"
"3f89241e-efb6-41c8-84c8-ca46e77be910","acf1cc03-2f5a-4fa5-b09b-185b4cf018bd","3","","false"
"abb30c0f-c56b-4365-a8ab-d137810eb80d","acf1cc03-2f5a-4fa5-b09b-185b4cf018bd","82.66719556543313","","false"
"4b1bd51e-0047-4310-a814-67e6bbeaa7b8","acf1cc03-2f5a-4fa5-b09b-185b4cf018bd","83.9290255321892","","false"
"668e5bbd-2bcd-4a97-8386-ee85c7709cdf","acf1cc03-2f5a-4fa5-b09b-185b4cf018bd","85.23435346667014","","false"
"dcdcdae4-66a9-4a42-b9d6-372c210f8a6a","acf1cc03-2f5a-4fa5-b09b-185b4cf018bd","73.57357279019863","","false"
"017949bc-b4b5-4426-9429-ffe4fb69e68e","acf1cc03-2f5a-4fa5-b09b-185b4cf018bd","71.44772973606587","","false"
"c69d5a11-354d-4d77-b94e-a7595c011d7f","acf1cc03-2f5a-4fa5-b09b-185b4cf018bd","74.47658106197736","","false"
"ab2ad372-0b04-4a70-bddc-531ad07a5ed8","acf1cc03-2f5a-4fa5-b09b-185b4cf018bd","53.27859821506017","","false"
"f990d43f-939f-4639-9afc-3e97290da351","acf1cc03-2f5a-4fa5-b09b-185b4cf018bd","67.86852460569744","","false"
"6e0a1598-996a-467a-af76-17100d9b1cb2","acf1cc03-2f5a-4fa5-b09b-185b4cf018bd","52.646034392773146","","false"
"3d7a528d-1fae-40a3-8f4e-1a852180b29b","acf1cc03-2f5a-4fa5-b09b-185b4cf018bd","74.0859409534948","","false"
"2207cbee-158c-4f6c-b3db-93e61621cce4","acf1cc03-2f5a-4fa5-b09b-185b4cf018bd","68.84253797178746","","false"
"83dc375f-dab0-4fc1-b472-fd373b467459","acf1cc03-2f5a-4fa5-b09b-185b4cf018bd","83.75665944194142","","false"
"78564238-bf3e-4922-8a2a-0a303fd4201a","acf1cc03-2f5a-4fa5-b09b-185b4cf018bd","52.388032119606805","","false"
"d8ed7929-8462-4977-8ac1-7381e4f7fe0f","acf1cc03-2f5a-4fa5-b09b-185b4cf018bd","72.93492933669273","","false"
"bd46083a-331e-48a4-ab63-3c6257b8a64c","acf1cc03-2f5a-4fa5-b09b-185b4cf018bd","83.0283510526356","","false"
"99863b7c-7ef5-45f2-81d8-c4145cefcf0a","acf1cc03-2f5a-4fa5-b09b-185b4cf018bd","56.94371046171517","","false"
"211a7a5f-b0a8-4885-93b0-54173d77013d","adf1cd96-2c5a-4aec-b19b-19ee49f01404","","P","false"
"221a7bf2-ada8-43cc-94b0-55aa3a76fc84","adf1cd96-2c5a-4aec-b19b-19ee49f01404","","A","false"
"bf460eee-eb83-4830-91db-b6467852f0e8","adf1cd96-2c5a-4aec-b19b-19ee49f01404","","A","false"
"be460d5b-ee83-4ce9-90db-b4b37b52f5a1","adf1cd96-2c5a-4aec-b19b-19ee49f01404","","A","false"
"dab8958d-15cc-4b37-ad4e-3ce5829bb18f","adf1cd96-2c5a-4aec-b19b-19ee49f01404","","A","false"
"d7b890d4-16cc-4cca-aa4e-382c839bb322","adf1cd96-2c5a-4aec-b19b-19ee49f01404","","P","false"
"d107de34-50a8-4ae2-a39c-bc0cdd77d39a","adf1cd96-2c5a-4aec-b19b-19ee49f01404","","P","false"
"d407e2ed-4fa8-494f-a69c-c0c5dc77d207","adf1cd96-2c5a-4aec-b19b-19ee49f01404","","P","false"
"e8fd290c-920f-43c6-9e58-97c42cc1a1fe","adf1cd96-2c5a-4aec-b19b-19ee49f01404","","A","false"
"ebfd2dc5-910f-4233-a158-9c7d2bc1a06b","adf1cd96-2c5a-4aec-b19b-19ee49f01404","","P","false"
"2e2202e1-13e4-4197-837c-75b90d59a26f","adf1cd96-2c5a-4aec-b19b-19ee49f01404","","A","false"
"2b21fe28-14e4-432a-807c-71000e59a402","adf1cd96-2c5a-4aec-b19b-19ee49f01404","","P","false"
"13ecb0c2-e85e-4a10-8947-55fa81d2e3c8","adf1cd96-2c5a-4aec-b19b-19ee49f01404","","P","false"
"12ecaf2f-eb5e-4ec9-8847-546784d2e881","adf1cd96-2c5a-4aec-b19b-19ee49f01404","","A","false"
"e114b38f-7236-4a59-a52a-0cf7da662841","adf1cd96-2c5a-4aec-b19b-19ee49f01404","","P","false"
"e214b522-6f36-45a0-a62a-0e8ad7662388","adf1cd96-2c5a-4aec-b19b-19ee49f01404","","P","false"
"d6cbf2e8-76c4-461a-bae1-19f0bef3a1a2","adf1cd96-2c5a-4aec-b19b-19ee49f01404","","A","false"
"d9cbf7a1-75c4-4487-bde1-1ea9bdf3a00f","adf1cd96-2c5a-4aec-b19b-19ee49f01404","","P","false"
"f9af631d-9297-46c3-a50f-cc65c2d1820b","adf1cd96-2c5a-4aec-b19b-19ee49f01404","","P","false"
"f6af5e64-9397-4856-a20f-c7acc3d1839e","adf1cd96-2c5a-4aec-b19b-19ee49f01404","","P","false"
"df7a10fe-8739-410c-899d-45c6b8afd0d4","adf1cd96-2c5a-4aec-b19b-19ee49f01404","","A","false"
"de7a0f6b-8a39-45c5-889d-4433bbafd58d","adf1cd96-2c5a-4aec-b19b-19ee49f01404","","P","false"
"c012116f-cc5d-4ae1-8b71-e397ddd47849","adf1cd96-2c5a-4aec-b19b-19ee49f01404","","P","false"
"c1121302-c95d-4628-8c71-e52adad47390","adf1cd96-2c5a-4aec-b19b-19ee49f01404","","A","false"
"348b52c8-b228-48c2-9feb-bc1062615a8a","adf1cd96-2c5a-4aec-b19b-19ee49f01404","","A","false"
"378b5781-b128-472f-a2eb-c0c9616158f7","adf1cd96-2c5a-4aec-b19b-19ee49f01404","","P","false"
"952289b9-774c-4917-a083-2561878601ff","adf1cd96-2c5a-4aec-b19b-19ee49f01404","","P","false"
"92228500-784c-4aaa-9d83-20a888860392","adf1cd96-2c5a-4aec-b19b-19ee49f01404","","P","false"
"93354178-d415-467e-adec-fa401f871626","adf1cd96-2c5a-4aec-b19b-19ee49f01404","0","","false"
"585951cd-b4ad-46ef-b311-d415a01e7f77","adf1cd96-2c5a-4aec-b19b-19ee49f01404","3","","false"
"3ce6cb2e-2927-4848-979f-4d7675d58c70","adf1cd96-2c5a-4aec-b19b-19ee49f01404","2","","false"
"da06b6ab-89be-4f39-b4bf-38f3f66cf5c1","adf1cd96-2c5a-4aec-b19b-19ee49f01404","0","","false"
"cac2b233-0a70-4cb5-9022-ca1b4e6e0a7d","adf1cd96-2c5a-4aec-b19b-19ee49f01404","1","","false"
"69155632-454c-4c60-ae76-379a8949fa28","adf1cd96-2c5a-4aec-b19b-19ee49f01404","1","","false"
"8487dcd1-70d3-43e7-a9e8-8bd99392bacf","adf1cd96-2c5a-4aec-b19b-19ee49f01404","1","","false"
"2bf49858-d3b3-486a-a00f-fb90c66ab802","adf1cd96-2c5a-4aec-b19b-19ee49f01404","2","","false"
"b77b56ff-cf25-4ca9-8b96-2317e0a00a21","adf1cd96-2c5a-4aec-b19b-19ee49f01404","1","","false"
"103f4cd4-7917-41da-8870-d34cd083df92","adf1cd96-2c5a-4aec-b19b-19ee49f01404","3","","false"
"1a60fe0b-7489-4619-93cf-b903ebf66631","adf1cd96-2c5a-4aec-b19b-19ee49f01404","3","","false"
"b9f0d68a-4f64-4ea4-b360-5b022595215c","adf1cd96-2c5a-4aec-b19b-19ee49f01404","3","","false"
"3563f449-5ac3-445b-8d95-ad21b0f33d93","adf1cd96-2c5a-4aec-b19b-19ee49f01404","1","","false"
"538ebf58-bda3-48de-8cfe-43d015108696","adf1cd96-2c5a-4aec-b19b-19ee49f01404","0","","false"
"8c5ec53e-c5bc-4de8-9a43-d6d677241900","adf1cd96-2c5a-4aec-b19b-19ee49f01404","3","","false"
"6cf6c5af-8ae0-4e3d-9adb-4027bc48f2d5","adf1cd96-2c5a-4aec-b19b-19ee49f01404","1","","false"
"e1700708-6f6e-479e-af55-18a0a0d66c36","adf1cd96-2c5a-4aec-b19b-19ee49f01404","0","","false"
"42073df9-0c8e-431b-b129-b6713df657b3","adf1cd96-2c5a-4aec-b19b-19ee49f01404","1","","false"
"c2b9cb75-f0fd-45e3-a0e0-e9ed1959e8db","adf1cd96-2c5a-4aec-b19b-19ee49f01404","1","","false"
"fd95bb20-908c-4e62-9a7e-db9837ad565a","adf1cd96-2c5a-4aec-b19b-19ee49f01404","3","","false"
"291be2a7-abff-4501-a605-9a3f331faa99","adf1cd96-2c5a-4aec-b19b-19ee49f01404","2","","false"
"8bfbf72a-536c-4088-979f-9972a9471a50","adf1cd96-2c5a-4aec-b19b-19ee49f01404","1","","false"
"876e4b69-def2-4f2f-b312-2011d4cd41d7","adf1cd96-2c5a-4aec-b19b-19ee49f01404","3","","false"
"fafc7d1a-ab29-4ac4-8179-57c222ee788c","adf1cd96-2c5a-4aec-b19b-19ee49f01404","3","","false"
"f66ed159-b688-407b-9bae-a9e12e4d5e43","adf1cd96-2c5a-4aec-b19b-19ee49f01404","2","","false"
"d14a29e4-5618-48fa-9689-d00c4dde0042","adf1cd96-2c5a-4aec-b19b-19ee49f01404","0","","false"
"dca90f9b-504d-48b9-a1e8-b5c368135261","adf1cd96-2c5a-4aec-b19b-19ee49f01404","1","","false"
"3f89241e-efb6-41c8-84c8-ca46e77be910","adf1cd96-2c5a-4aec-b19b-19ee49f01404","3","","false"
"abb30c0f-c56b-4365-a8ab-d137810eb80d","adf1cd96-2c5a-4aec-b19b-19ee49f01404","56.685177237346906","","false"
"4b1bd51e-0047-4310-a814-67e6bbeaa7b8","adf1cd96-2c5a-4aec-b19b-19ee49f01404","71.47027733080813","","false"
"668e5bbd-2bcd-4a97-8386-ee85c7709cdf","adf1cd96-2c5a-4aec-b19b-19ee49f01404","68.78160390566725","","false"
"dcdcdae4-66a9-4a42-b9d6-372c210f8a6a","adf1cd96-2c5a-4aec-b19b-19ee49f01404","45.006339794010785","","false"
"017949bc-b4b5-4426-9429-ffe4fb69e68e","adf1cd96-2c5a-4aec-b19b-19ee49f01404","73.30356418224838","","false"
"c69d5a11-354d-4d77-b94e-a7595c011d7f","adf1cd96-2c5a-4aec-b19b-19ee49f01404","61.82389787262821","","false"
"ab2ad372-0b04-4a70-bddc-531ad07a5ed8","adf1cd96-2c5a-4aec-b19b-19ee49f01404","58.24380242756976","","false"
"f990d43f-939f-4639-9afc-3e97290da351","adf1cd96-2c5a-4aec-b19b-19ee49f01404","65.11515379979855","","false"
"6e0a1598-996a-467a-af76-17100d9b1cb2","adf1cd96-2c5a-4aec-b19b-19ee49f01404","45.22126149617402","","false"
"3d7a528d-1fae-40a3-8f4e-1a852180b29b","adf1cd96-2c5a-4aec-b19b-19ee49f01404","75.55278002469566","","false"
"2207cbee-158c-4f6c-b3db-93e61621cce4","adf1cd96-2c5a-4aec-b19b-19ee49f01404","90","","false"
"83dc375f-dab0-4fc1-b472-fd373b467459","adf1cd96-2c5a-4aec-b19b-19ee49f01404","56.2541946557492","","false"
"78564238-bf3e-4922-8a2a-0a303fd4201a","adf1cd96-2c5a-4aec-b19b-19ee49f01404","81.84616372701345","","false"
"d8ed7929-8462-4977-8ac1-7381e4f7fe0f","adf1cd96-2c5a-4aec-b19b-19ee49f01404","83.82819664488545","","false"
"bd46083a-331e-48a4-ab63-3c6257b8a64c","adf1cd96-2c5a-4aec-b19b-19ee49f01404","38.05973568318505","","false"
"99863b7c-7ef5-45f2-81d8-c4145cefcf0a","adf1cd96-2c5a-4aec-b19b-19ee49f01404","62.373049647706154","","false"
"211a7a5f-b0a8-4885-93b0-54173d77013d","aef1cf29-2d5a-4c7f-b29b-1b814af01597","","P","false"
"221a7bf2-ada8-43cc-94b0-55aa3a76fc84","aef1cf29-2d5a-4c7f-b29b-1b814af01597","","A","false"
"bf460eee-eb83-4830-91db-b6467852f0e8","aef1cf29-2d5a-4c7f-b29b-1b814af01597","","P","false"
"be460d5b-ee83-4ce9-90db-b4b37b52f5a1","aef1cf29-2d5a-4c7f-b29b-1b814af01597","","P","false"
"dab8958d-15cc-4b37-ad4e-3ce5829bb18f","aef1cf29-2d5a-4c7f-b29b-1b814af01597","","P","false"
"d7b890d4-16cc-4cca-aa4e-382c839bb322","aef1cf29-2d5a-4c7f-b29b-1b814af01597","","P","false"
"d107de34-50a8-4ae2-a39c-bc0cdd77d39a","aef1cf29-2d5a-4c7f-b29b-1b814af01597","","P","false"
"d407e2ed-4fa8-494f-a69c-c0c5dc77d207","aef1cf29-2d5a-4c7f-b29b-1b814af01597","","P","false"
"e8fd290c-920f-43c6-9e58-97c42cc1a1fe","aef1cf29-2d5a-4c7f-b29b-1b814af01597","","P","false"
"ebfd2dc5-910f-4233-a158-9c7d2bc1a06b","aef1cf29-2d5a-4c7f-b29b-1b814af01597","","P","false"
"2e2202e1-13e4-4197-837c-75b90d59a26f","aef1cf29-2d5a-4c7f-b29b-1b814af01597","","P","false"
"2b21fe28-14e4-432a-807c-71000e59a402","aef1cf29-2d5a-4c7f-b29b-1b814af01597","","P","false"
"13ecb0c2-e85e-4a10-8947-55fa81d2e3c8","aef1cf29-2d5a-4c7f-b29b-1b814af01597","","P","false"
"12ecaf2f-eb5e-4ec9-8847-546784d2e881","aef1cf29-2d5a-4c7f-b29b-1b814af01597","","P","false"
"e114b38f-7236-4a59-a52a-0cf7da662841","aef1cf29-2d5a-4c7f-b29b-1b814af01597","","P","false"
"e214b522-6f36-45a0-a62a-0e8ad7662388","aef1cf29-2d5a-4c7f-b29b-1b814af01597","","P","false"
"d6cbf2e8-76c4-461a-bae1-19f0bef3a1a2","aef1cf29-2d5a-4c7f-b29b-1b814af01597","","P","false"
"d9cbf7a1-75c4-4487-bde1-1ea9bdf3a00f","aef1cf29-2d5a-4c7f-b29b-1b814af01597","","A","false"
"f9af631d-9297-46c3-a50f-cc65c2d1820b","aef1cf29-2d5a-4c7f-b29b-1b814af01597","","A","false"
"f6af5e64-9397-4856-a20f-c7acc3d1839e","aef1cf29-2d5a-4c7f-b29b-1b814af01597","","P","false"
"df7a10fe-8739-410c-899d-45c6b8afd0d4","aef1cf29-2d5a-4c7f-b29b-1b814af01597","","P","false"
"de7a0f6b-8a39-45c5-889d-4433bbafd58d","aef1cf29-2d5a-4c7f-b29b-1b814af01597","","P","false"
"c012116f-cc5d-4ae1-8b71-e397ddd47849","aef1cf29-2d5a-4c7f-b29b-1b814af01597","","A","false"
"c1121302-c95d-4628-8c71-e52adad47390","aef1cf29-2d5a-4c7f-b29b-1b814af01597","","P","false"
"348b52c8-b228-48c2-9feb-bc1062615a8a","aef1cf29-2d5a-4c7f-b29b-1b814af01597","","P","false"
"378b5781-b128-472f-a2eb-c0c9616158f7","aef1cf29-2d5a-4c7f-b29b-1b814af01597","","A","false"
"952289b9-774c-4917-a083-2561878601ff","aef1cf29-2d5a-4c7f-b29b-1b814af01597","","P","false"
"92228500-784c-4aaa-9d83-20a888860392","aef1cf29-2d5a-4c7f-b29b-1b814af01597","","P","false"
"93354178-d415-467e-adec-fa401f871626","aef1cf29-2d5a-4c7f-b29b-1b814af01597","1","","false"
"585951cd-b4ad-46ef-b311-d415a01e7f77","aef1cf29-2d5a-4c7f-b29b-1b814af01597","3","","false"
"3ce6cb2e-2927-4848-979f-4d7675d58c70","aef1cf29-2d5a-4c7f-b29b-1b814af01597","1","","false"
"da06b6ab-89be-4f39-b4bf-38f3f66cf5c1","aef1cf29-2d5a-4c7f-b29b-1b814af01597","3","","false"
"cac2b233-0a70-4cb5-9022-ca1b4e6e0a7d","aef1cf29-2d5a-4c7f-b29b-1b814af01597","2","","false"
"69155632-454c-4c60-ae76-379a8949fa28","aef1cf29-2d5a-4c7f-b29b-1b814af01597","3","","false"
"8487dcd1-70d3-43e7-a9e8-8bd99392bacf","aef1cf29-2d5a-4c7f-b29b-1b814af01597","2","","false"
"2bf49858-d3b3-486a-a00f-fb90c66ab802","aef1cf29-2d5a-4c7f-b29b-1b814af01597","2","","false"
"b77b56ff-cf25-4ca9-8b96-2317e0a00a21","aef1cf29-2d5a-4c7f-b29b-1b814af01597","3","","false"
"103f4cd4-7917-41da-8870-d34cd083df92","aef1cf29-2d5a-4c7f-b29b-1b814af01597","3","","false"
"1a60fe0b-7489-4619-93cf-b903ebf66631","aef1cf29-2d5a-4c7f-b29b-1b814af01597","0","","false"
"b9f0d68a-4f64-4ea4-b360-5b022595215c","aef1cf29-2d5a-4c7f-b29b-1b814af01597","0","","false"
"3563f449-5ac3-445b-8d95-ad21b0f33d93","aef1cf29-2d5a-4c7f-b29b-1b814af01597","1","","false"
"538ebf58-bda3-48de-8cfe-43d015108696","aef1cf29-2d5a-4c7f-b29b-1b814af01597","3","","false"
"8c5ec53e-c5bc-4de8-9a43-d6d677241900","aef1cf29-2d5a-4c7f-b29b-1b814af01597","2","","false"
"6cf6c5af-8ae0-4e3d-9adb-4027bc48f2d5","aef1cf29-2d5a-4c7f-b29b-1b814af01597","3","","false"
"e1700708-6f6e-479e-af55-18a0a0d66c36","aef1cf29-2d5a-4c7f-b29b-1b814af01597","1","","false"
"42073df9-0c8e-431b-b129-b6713df657b3","aef1cf29-2d5a-4c7f-b29b-1b814af01597","2","","false"
"c2b9cb75-f0fd-45e3-a0e0-e9ed1959e8db","aef1cf29-2d5a-4c7f-b29b-1b814af01597","0","","false"
"fd95bb20-908c-4e62-9a7e-db9837ad565a","aef1cf29-2d5a-4c7f-b29b-1b814af01597","1","","false"
"291be2a7-abff-4501-a605-9a3f331faa99","aef1cf29-2d5a-4c7f-b29b-1b814af01597","0","","false"
"8bfbf72a-536c-4088-979f-9972a9471a50","aef1cf29-2d5a-4c7f-b29b-1b814af01597","3","","false"
"876e4b69-def2-4f2f-b312-2011d4cd41d7","aef1cf29-2d5a-4c7f-b29b-1b814af01597","3","","false"
"fafc7d1a-ab29-4ac4-8179-57c222ee788c","aef1cf29-2d5a-4c7f-b29b-1b814af01597","1","","false"
"f66ed159-b688-407b-9bae-a9e12e4d5e43","aef1cf29-2d5a-4c7f-b29b-1b814af01597","3","","false"
"d14a29e4-5618-48fa-9689-d00c4dde0042","aef1cf29-2d5a-4c7f-b29b-1b814af01597","3","","false"
"dca90f9b-504d-48b9-a1e8-b5c368135261","aef1cf29-2d5a-4c7f-b29b-1b814af01597","3","","false"
"3f89241e-efb6-41c8-84c8-ca46e77be910","aef1cf29-2d5a-4c7f-b29b-1b814af01597","3","","false"
"abb30c0f-c56b-4365-a8ab-d137810eb80d","aef1cf29-2d5a-4c7f-b29b-1b814af01597","94.068343491109","","false"
"4b1bd51e-0047-4310-a814-67e6bbeaa7b8","aef1cf29-2d5a-4c7f-b29b-1b814af01597","61.61464524666761","","false"
"668e5bbd-2bcd-4a97-8386-ee85c7709cdf","aef1cf29-2d5a-4c7f-b29b-1b814af01597","57.37646966900557","","false"
"dcdcdae4-66a9-4a42-b9d6-372c210f8a6a","aef1cf29-2d5a-4c7f-b29b-1b814af01597","78.08294700370612","","false"
"017949bc-b4b5-4426-9429-ffe4fb69e68e","aef1cf29-2d5a-4c7f-b29b-1b814af01597","81.05583858630649","","false"
"c69d5a11-354d-4d77-b94e-a7595c011d7f","aef1cf29-2d5a-4c7f-b29b-1b814af01597","79.52492433254858","","false"
"ab2ad372-0b04-4a70-bddc-531ad07a5ed8","aef1cf29-2d5a-4c7f-b29b-1b814af01597","72.08001170041541","","false"
"f990d43f-939f-4639-9afc-3e97290da351","aef1cf29-2d5a-4c7f-b29b-1b814af01597","72.04399326995048","","false"
"6e0a1598-996a-467a-af76-17100d9b1cb2","aef1cf29-2d5a-4c7f-b29b-1b814af01597","66.98403967781681","","false"
"3d7a528d-1fae-40a3-8f4e-1a852180b29b","aef1cf29-2d5a-4c7f-b29b-1b814af01597","68.63779498429551","","false"
"2207cbee-158c-4f6c-b3db-93e61621cce4","aef1cf29-2d5a-4c7f-b29b-1b814af01597","91.83540536994298","","false"
"83dc375f-dab0-4fc1-b472-fd373b467459","aef1cf29-2d5a-4c7f-b29b-1b814af01597","48.43476861185876","","false"
"78564238-bf3e-4922-8a2a-0a303fd4201a","aef1cf29-2d5a-4c7f-b29b-1b814af01597","76.71157473128386","","false"
"d8ed7929-8462-4977-8ac1-7381e4f7fe0f","aef1cf29-2d5a-4c7f-b29b-1b814af01597","72.63938808311326","","false"
"bd46083a-331e-48a4-ab63-3c6257b8a64c","aef1cf29-2d5a-4c7f-b29b-1b814af01597","93.64424125041728","","false"
"99863b7c-7ef5-45f2-81d8-c4145cefcf0a","aef1cf29-2d5a-4c7f-b29b-1b814af01597","97.12792691887722","","false"
"211a7a5f-b0a8-4885-93b0-54173d77013d","aff1d0bc-2a5a-47c6-b39b-1d1447f010de","","P","false"
"221a7bf2-ada8-43cc-94b0-55aa3a76fc84","aff1d0bc-2a5a-47c6-b39b-1d1447f010de","","A","false"
"bf460eee-eb83-4830-91db-b6467852f0e8","aff1d0bc-2a5a-47c6-b39b-1d1447f010de","","P","false"
"be460d5b-ee83-4ce9-90db-b4b37b52f5a1","aff1d0bc-2a5a-47c6-b39b-1d1447f010de","","A","false"
"dab8958d-15cc-4b37-ad4e-3ce5829bb18f","aff1d0bc-2a5a-47c6-b39b-1d1447f010de","","A","false"
"d7b890d4-16cc-4cca-aa4e-382c839bb322","aff1d0bc-2a5a-47c6-b39b-1d1447f010de","","P","false"
"d107de34-50a8-4ae2-a39c-bc0cdd77d39a","aff1d0bc-2a5a-47c6-b39b-1d1447f010de","","P","false"
"d407e2ed-4fa8-494f-a69c-c0c5dc77d207","aff1d0bc-2a5a-47c6-b39b-1d1447f010de","","A","false"
"e8fd290c-920f-43c6-9e58-97c42cc1a1fe","aff1d0bc-2a5a-47c6-b39b-1d1447f010de","","P","false"
"ebfd2dc5-910f-4233-a158-9c7d2bc1a06b","aff1d0bc-2a5a-47c6-b39b-1d1447f010de","","P","false"
"2e2202e1-13e4-4197-837c-75b90d59a26f","aff1d0bc-2a5a-47c6-b39b-1d1447f010de","","P","false"
"2b21fe28-14e4-432a-807c-71000e59a402","aff1d0bc-2a5a-47c6-b39b-1d1447f010de","","P","false"
"13ecb0c2-e85e-4a10-8947-55fa81d2e3c8","aff1d0bc-2a5a-47c6-b39b-1d1447f010de","","P","false"
"12ecaf2f-eb5e-4ec9-8847-546784d2e881","aff1d0bc-2a5a-47c6-b39b-1d1447f010de","","A","false"
"e114b38f-7236-4a59-a52a-0cf7da662841","aff1d0bc-2a5a-47c6-b39b-1d1447f010de","","P","false"
"e214b522-6f36-45a0-a62a-0e8ad7662388","aff1d0bc-2a5a-47c6-b39b-1d1447f010de","","A","false"
"d6cbf2e8-76c4-461a-bae1-19f0bef3a1a2","aff1d0bc-2a5a-47c6-b39b-1d1447f010de","","P","false"
"d9cbf7a1-75c4-4487-bde1-1ea9bdf3a00f","aff1d0bc-2a5a-47c6-b39b-1d1447f010de","","P","false"
"f9af631d-9297-46c3-a50f-cc65c2d1820b","aff1d0bc-2a5a-47c6-b39b-1d1447f010de","","P","false"
"f6af5e64-9397-4856-a20f-c7acc3d1839e","aff1d0bc-2a5a-47c6-b39b-1d1447f010de","","A","false"
"df7a10fe-8739-410c-899d-45c6b8afd0d4","aff1d0bc-2a5a-47c6-b39b-1d1447f010de","","P","false"
"de7a0f6b-8a39-45c5-889d-4433bbafd58d","aff1d0bc-2a5a-47c6-b39b-1d1447f010de","","P","false"
"c012116f-cc5d-4ae1-8b71-e397ddd47849","aff1d0bc-2a5a-47c6-b39b-1d1447f010de","","A","false"
"c1121302-c95d-4628-8c71-e52adad47390","aff1d0bc-2a5a-47c6-b39b-1d1447f010de","","P","false"
"348b52c8-b228-48c2-9feb-bc1062615a8a","aff1d0bc-2a5a-47c6-b39b-1d1447f010de","","P","false"
"378b5781-b128-472f-a2eb-c0c9616158f7","aff1d0bc-2a5a-47c6-b39b-1d1447f010de","","P","false"
"952289b9-774c-4917-a083-2561878601ff","aff1d0bc-2a5a-47c6-b39b-1d1447f010de","","P","false"
"92228500-784c-4aaa-9d83-20a888860392","aff1d0bc-2a5a-47c6-b39b-1d1447f010de","","P","false"
"93354178-d415-467e-adec-fa401f871626","aff1d0bc-2a5a-47c6-b39b-1d1447f010de","1","","false"
"585951cd-b4ad-46ef-b311-d415a01e7f77","aff1d0bc-2a5a-47c6-b39b-1d1447f010de","2","","false"
"3ce6cb2e-2927-4848-979f-4d7675d58c70","aff1d0bc-2a5a-47c6-b39b-1d1447f010de","1","","false"
"da06b6ab-89be-4f39-b4bf-38f3f66cf5c1","aff1d0bc-2a5a-47c6-b39b-1d1447f010de","2","","false"
"cac2b233-0a70-4cb5-9022-ca1b4e6e0a7d","aff1d0bc-2a5a-47c6-b39b-1d1447f010de","3","","false"
"69155632-454c-4c60-ae76-379a8949fa28","aff1d0bc-2a5a-47c6-b39b-1d1447f010de","1","","false"
"8487dcd1-70d3-43e7-a9e8-8bd99392bacf","aff1d0bc-2a5a-47c6-b39b-1d1447f010de","1","","false"
"2bf49858-d3b3-486a-a00f-fb90c66ab802","aff1d0bc-2a5a-47c6-b39b-1d1447f010de","0","","false"
"b77b56ff-cf25-4ca9-8b96-2317e0a00a21","aff1d0bc-2a5a-47c6-b39b-1d1447f010de","3","","false"
"103f4cd4-7917-41da-8870-d34cd083df92","aff1d0bc-2a5a-47c6-b39b-1d1447f010de","3","","false"
"1a60fe0b-7489-4619-93cf-b903ebf66631","aff1d0bc-2a5a-47c6-b39b-1d1447f010de","2","","false"
"b9f0d68a-4f64-4ea4-b360-5b022595215c","aff1d0bc-2a5a-47c6-b39b-1d1447f010de","2","","false"
"3563f449-5ac3-445b-8d95-ad21b0f33d93","aff1d0bc-2a5a-47c6-b39b-1d1447f010de","3","","false"
"538ebf58-bda3-48de-8cfe-43d015108696","aff1d0bc-2a5a-47c6-b39b-1d1447f010de","3","","false"
"8c5ec53e-c5bc-4de8-9a43-d6d677241900","aff1d0bc-2a5a-47c6-b39b-1d1447f010de","1","","false"
"6cf6c5af-8ae0-4e3d-9adb-4027bc48f2d5","aff1d0bc-2a5a-47c6-b39b-1d1447f010de","3","","false"
"e1700708-6f6e-479e-af55-18a0a0d66c36","aff1d0bc-2a5a-47c6-b39b-1d1447f010de","3","","false"
"42073df9-0c8e-431b-b129-b6713df657b3","aff1d0bc-2a5a-47c6-b39b-1d1447f010de","3","","false"
"c2b9cb75-f0fd-45e3-a0e0-e9ed1959e8db","aff1d0bc-2a5a-47c6-b39b-1d1447f010de","1","","false"
"fd95bb20-908c-4e62-9a7e-db9837ad565a","aff1d0bc-2a5a-47c6-b39b-1d1447f010de","2","","false"
"291be2a7-abff-4501-a605-9a3f331faa99","aff1d0bc-2a5a-47c6-b39b-1d1447f010de","3","","false"
"8bfbf72a-536c-4088-979f-9972a9471a50","aff1d0bc-2a5a-47c6-b39b-1d1447f010de","3","","false"
"876e4b69-def2-4f2f-b312-2011d4cd41d7","aff1d0bc-2a5a-47c6-b39b-1d1447f010de","3","","false"
"fafc7d1a-ab29-4ac4-8179-57c222ee788c","aff1d0bc-2a5a-47c6-b39b-1d1447f010de","1","","false"
"f66ed159-b688-407b-9bae-a9e12e4d5e43","aff1d0bc-2a5a-47c6-b39b-1d1447f010de","2","","false"
"d14a29e4-5618-48fa-9689-d00c4dde0042","aff1d0bc-2a5a-47c6-b39b-1d1447f010de","2","","false"
"dca90f9b-504d-48b9-a1e8-b5c368135261","aff1d0bc-2a5a-47c6-b39b-1d1447f010de","2","","false"
"3f89241e-efb6-41c8-84c8-ca46e77be910","aff1d0bc-2a5a-47c6-b39b-1d1447f010de","2","","false"
"abb30c0f-c56b-4365-a8ab-d137810eb80d","aff1d0bc-2a5a-47c6-b39b-1d1447f010de","68.03286985490894","","false"
"4b1bd51e-0047-4310-a814-67e6bbeaa7b8","aff1d0bc-2a5a-47c6-b39b-1d1447f010de","76.00092732766001","","false"
"668e5bbd-2bcd-4a97-8386-ee85c7709cdf","aff1d0bc-2a5a-47c6-b39b-1d1447f010de","68.89956495041628","","false"
"dcdcdae4-66a9-4a42-b9d6-372c210f8a6a","aff1d0bc-2a5a-47c6-b39b-1d1447f010de","50.64515273027743","","false"
"017949bc-b4b5-4426-9429-ffe4fb69e68e","aff1d0bc-2a5a-47c6-b39b-1d1447f010de","63.88650570362222","","false"
"c69d5a11-354d-4d77-b94e-a7595c011d7f","aff1d0bc-2a5a-47c6-b39b-1d1447f010de","92.57138774069912","","false"
"ab2ad372-0b04-4a70-bddc-531ad07a5ed8","aff1d0bc-2a5a-47c6-b39b-1d1447f010de","62.443401534447986","","false"
"f990d43f-939f-4639-9afc-3e97290da351","aff1d0bc-2a5a-47c6-b39b-1d1447f010de","92.19720725220026","","false"
"6e0a1598-996a-467a-af76-17100d9b1cb2","aff1d0bc-2a5a-47c6-b39b-1d1447f010de","72.84095350012592","","false"
"3d7a528d-1fae-40a3-8f4e-1a852180b29b","aff1d0bc-2a5a-47c6-b39b-1d1447f010de","82.81214113740901","","false"
"2207cbee-158c-4f6c-b3db-93e61621cce4","aff1d0bc-2a5a-47c6-b39b-1d1447f010de","65.76891528843149","","false"
"83dc375f-dab0-4fc1-b472-fd373b467459","aff1d0bc-2a5a-47c6-b39b-1d1447f010de","72.45172385311974","","false"
"78564238-bf3e-4922-8a2a-0a303fd4201a","aff1d0bc-2a5a-47c6-b39b-1d1447f010de","63.66860064741849","","false"
"d8ed7929-8462-4977-8ac1-7381e4f7fe0f","aff1d0bc-2a5a-47c6-b39b-1d1447f010de","61.51913512873426","","false"
"bd46083a-331e-48a4-ab63-3c6257b8a64c","aff1d0bc-2a5a-47c6-b39b-1d1447f010de","78.2692157446794","","false"
"99863b7c-7ef5-45f2-81d8-c4145cefcf0a","aff1d0bc-2a5a-47c6-b39b-1d1447f010de","56.1248806700269","","false"
"211a7a5f-b0a8-4885-93b0-54173d77013d","b0f1d24f-2b5a-4959-b49b-1ea748f01271","","P","false"
"221a7bf2-ada8-43cc-94b0-55aa3a76fc84","b0f1d24f-2b5a-4959-b49b-1ea748f01271","","P","false"
"bf460eee-eb83-4830-91db-b6467852f0e8","b0f1d24f-2b5a-4959-b49b-1ea748f01271","","P","false"
"be460d5b-ee83-4ce9-90db-b4b37b52f5a1","b0f1d24f-2b5a-4959-b49b-1ea748f01271","","A","false"
"dab8958d-15cc-4b37-ad4e-3ce5829bb18f","b0f1d24f-2b5a-4959-b49b-1ea748f01271","","P","false"
"d7b890d4-16cc-4cca-aa4e-382c839bb322","b0f1d24f-2b5a-4959-b49b-1ea748f01271","","P","false"
"d107de34-50a8-4ae2-a39c-bc0cdd77d39a","b0f1d24f-2b5a-4959-b49b-1ea748f01271","","P","false"
"d407e2ed-4fa8-494f-a69c-c0c5dc77d207","b0f1d24f-2b5a-4959-b49b-1ea748f01271","","P","false"
"e8fd290c-920f-43c6-9e58-97c42cc1a1fe","b0f1d24f-2b5a-4959-b49b-1ea748f01271","","P","false"
"ebfd2dc5-910f-4233-a158-9c7d2bc1a06b","b0f1d24f-2b5a-4959-b49b-1ea748f01271","","P","false"
"2e2202e1-13e4-4197-837c-75b90d59a26f","b0f1d24f-2b5a-4959-b49b-1ea748f01271","","P","false"
"2b21fe28-14e4-432a-807c-71000e59a402","b0f1d24f-2b5a-4959-b49b-1ea748f01271","","P","false"
"13ecb0c2-e85e-4a10-8947-55fa81d2e3c8","b0f1d24f-2b5a-4959-b49b-1ea748f01271","","P","false"
"12ecaf2f-eb5e-4ec9-8847-546784d2e881","b0f1d24f-2b5a-4959-b49b-1ea748f01271","","P","false"
"e114b38f-7236-4a59-a52a-0cf7da662841","b0f1d24f-2b5a-4959-b49b-1ea748f01271","","P","false"
"e214b522-6f36-45a0-a62a-0e8ad7662388","b0f1d24f-2b5a-4959-b49b-1ea748f01271","","P","false"
"d6cbf2e8-76c4-461a-bae1-19f0bef3a1a2","b0f1d24f-2b5a-4959-b49b-1ea748f01271","","P","false"
"d9cbf7a1-75c4-4487-bde1-1ea9bdf3a00f","b0f1d24f-2b5a-4959-b49b-1ea748f01271","","A","false"
"f9af631d-9297-46c3-a50f-cc65c2d1820b","b0f1d24f-2b5a-4959-b49b-1ea748f01271","","A","false"
"f6af5e64-9397-4856-a20f-c7acc3d1839e","b0f1d24f-2b5a-4959-b49b-1ea748f01271","","A","false"
"df7a10fe-8739-410c-899d-45c6b8afd0d4","b0f1d24f-2b5a-4959-b49b-1ea748f01271","","P","false"
"de7a0f6b-8a39-45c5-889d-4433bbafd58d","b0f1d24f-2b5a-4959-b49b-1ea748f01271","","A","false"
"c012116f-cc5d-4ae1-8b71-e397ddd47849","b0f1d24f-2b5a-4959-b49b-1ea748f01271","","P","false"
"c1121302-c95d-4628-8c71-e52adad47390","b0f1d24f-2b5a-4959-b49b-1ea748f01271","","P","false"
"348b52c8-b228-48c2-9feb-bc1062615a8a","b0f1d24f-2b5a-4959-b49b-1ea748f01271","","P","false"
"378b5781-b128-472f-a2eb-c0c9616158f7","b0f1d24f-2b5a-4959-b49b-1ea748f01271","","P","false"
"952289b9-774c-4917-a083-2561878601ff","b0f1d24f-2b5a-4959-b49b-1ea748f01271","","P","false"
"92228500-784c-4aaa-9d83-20a888860392","b0f1d24f-2b5a-4959-b49b-1ea748f01271","","P","false"
"93354178-d415-467e-adec-fa401f871626","b0f1d24f-2b5a-4959-b49b-1ea748f01271","3","","false"
"585951cd-b4ad-46ef-b311-d415a01e7f77","b0f1d24f-2b5a-4959-b49b-1ea748f01271","3","","false"
"3ce6cb2e-2927-4848-979f-4d7675d58c70","b0f1d24f-2b5a-4959-b49b-1ea748f01271","3","","false"
"da06b6ab-89be-4f39-b4bf-38f3f66cf5c1","b0f1d24f-2b5a-4959-b49b-1ea748f01271","3","","false"
"cac2b233-0a70-4cb5-9022-ca1b4e6e0a7d","b0f1d24f-2b5a-4959-b49b-1ea748f01271","3","","false"
"69155632-454c-4c60-ae76-379a8949fa28","b0f1d24f-2b5a-4959-b49b-1ea748f01271","3","","false"
"8487dcd1-70d3-43e7-a9e8-8bd99392bacf","b0f1d24f-2b5a-4959-b49b-1ea748f01271","3","","false"
"2bf49858-d3b3-486a-a00f-fb90c66ab802","b0f1d24f-2b5a-4959-b49b-1ea748f01271","3","","false"
"b77b56ff-cf25-4ca9-8b96-2317e0a00a21","b0f1d24f-2b5a-4959-b49b-1ea748f01271","2","","false"
"103f4cd4-7917-41da-8870-d34cd083df92","b0f1d24f-2b5a-4959-b49b-1ea748f01271","2","","false"
"1a60fe0b-7489-4619-93cf-b903ebf66631","b0f1d24f-2b5a-4959-b49b-1ea748f01271","1","","false"
"b9f0d68a-4f64-4ea4-b360-5b022595215c","b0f1d24f-2b5a-4959-b49b-1ea748f01271","2","","false"
"3563f449-5ac3-445b-8d95-ad21b0f33d93","b0f1d24f-2b5a-4959-b49b-1ea748f01271","1","","false"
"538ebf58-bda3-48de-8cfe-43d015108696","b0f1d24f-2b5a-4959-b49b-1ea748f01271","3","","false"
"8c5ec53e-c5bc-4de8-9a43-d6d677241900","b0f1d24f-2b5a-4959-b49b-1ea748f01271","2","","false"
"6cf6c5af-8ae0-4e3d-9adb-4027bc48f2d5","b0f1d24f-2b5a-4959-b49b-1ea748f01271","2","","false"
"e1700708-6f6e-479e-af55-18a0a0d66c36","b0f1d24f-2b5a-4959-b49b-1ea748f01271","0","","false"
"42073df9-0c8e-431b-b129-b6713df657b3","b0f1d24f-2b5a-4959-b49b-1ea748f01271","1","","false"
"c2b9cb75-f0fd-45e3-a0e0-e9ed1959e8db","b0f1d24f-2b5a-4959-b49b-1ea748f01271","3","","false"
"fd95bb20-908c-4e62-9a7e-db9837ad565a","b0f1d24f-2b5a-4959-b49b-1ea748f01271","2","","false"
"291be2a7-abff-4501-a605-9a3f331faa99","b0f1d24f-2b5a-4959-b49b-1ea748f01271","3","","false"
"8bfbf72a-536c-4088-979f-9972a9471a50","b0f1d24f-2b5a-4959-b49b-1ea748f01271","3","","false"
"876e4b69-def2-4f2f-b312-2011d4cd41d7","b0f1d24f-2b5a-4959-b49b-1ea748f01271","3","","false"
"fafc7d1a-ab29-4ac4-8179-57c222ee788c","b0f1d24f-2b5a-4959-b49b-1ea748f01271","2","","false"
"f66ed159-b688-407b-9bae-a9e12e4d5e43","b0f1d24f-2b5a-4959-b49b-1ea748f01271","2","","false"
"d14a29e4-5618-48fa-9689-d00c4dde0042","b0f1d24f-2b5a-4959-b49b-1ea748f01271","2","","false"
"dca90f9b-504d-48b9-a1e8-b5c368135261","b0f1d24f-2b5a-4959-b49b-1ea748f01271","3","","false"
"3f89241e-efb6-41c8-84c8-ca46e77be910","b0f1d24f-2b5a-4959-b49b-1ea748f01271","3","","false"
"abb30c0f-c56b-4365-a8ab-d137810eb80d","b0f1d24f-2b5a-4959-b49b-1ea748f01271","87.63952719686182","","false"
"4b1bd51e-0047-4310-a814-67e6bbeaa7b8","b0f1d24f-2b5a-4959-b49b-1ea748f01271","67.17355296808819","","false"
"668e5bbd-2bcd-4a97-8386-ee85c7709cdf","b0f1d24f-2b5a-4959-b49b-1ea748f01271","66.29353228728365","","false"
"dcdcdae4-66a9-4a42-b9d6-372c210f8a6a","b0f1d24f-2b5a-4959-b49b-1ea748f01271","61.217807770607294","","false"
"017949bc-b4b5-4426-9429-ffe4fb69e68e","b0f1d24f-2b5a-4959-b49b-1ea748f01271","83.66337728113552","","false"
"c69d5a11-354d-4d77-b94e-a7595c011d7f","b0f1d24f-2b5a-4959-b49b-1ea748f01271","80.63146404579066","","false"
"ab2ad372-0b04-4a70-bddc-531ad07a5ed8","b0f1d24f-2b5a-4959-b49b-1ea748f01271","76.56871132650562","","false"
"f990d43f-939f-4639-9afc-3e97290da351","b0f1d24f-2b5a-4959-b49b-1ea748f01271","85.35814166510431","","false"
"6e0a1598-996a-467a-af76-17100d9b1cb2","b0f1d24f-2b5a-4959-b49b-1ea748f01271","71.00376112245212","","false"
"3d7a528d-1fae-40a3-8f4e-1a852180b29b","b0f1d24f-2b5a-4959-b49b-1ea748f01271","73.02900169471837","","false"
"2207cbee-158c-4f6c-b3db-93e61621cce4","b0f1d24f-2b5a-4959-b49b-1ea748f01271","71.21211865791861","","false"
"83dc375f-dab0-4fc1-b472-fd373b467459","b0f1d24f-2b5a-4959-b49b-1ea748f01271","77.85764451353145","","false"
"78564238-bf3e-4922-8a2a-0a303fd4201a","b0f1d24f-2b5a-4959-b49b-1ea748f01271","75.97058757660093","","false"
"d8ed7929-8462-4977-8ac1-7381e4f7fe0f","b0f1d24f-2b5a-4959-b49b-1ea748f01271","71.97660110189469","","false"
"bd46083a-331e-48a4-ab63-3c6257b8a64c","b0f1d24f-2b5a-4959-b49b-1ea748f01271","91.32519673924008","","false"
"99863b7c-7ef5-45f2-81d8-c4145cefcf0a","b0f1d24f-2b5a-4959-b49b-1ea748f01271","74.5949469850953","","false"
"211a7a5f-b0a8-4885-93b0-54173d77013d","b1f1d3e2-285a-44a0-b59b-203a45f00db8","","P","false"
"221a7bf2-ada8-43cc-94b0-55aa3a76fc84","b1f1d3e2-285a-44a0-b59b-203a45f00db8","","P","false"
"bf460eee-eb83-4830-91db-b6467852f0e8","b1f1d3e2-285a-44a0-b59b-203a45f00db8","","P","false"
"be460d5b-ee83-4ce9-90db-b4b37b52f5a1","b1f1d3e2-285a-44a0-b59b-203a45f00db8","","P","false"
"dab8958d-15cc-4b37-ad4e-3ce5829bb18f","b1f1d3e2-285a-44a0-b59b-203a45f00db8","","A","false"
"d7b890d4-16cc-4cca-aa4e-382c839bb322","b1f1d3e2-285a-44a0-b59b-203a45f00db8","","A","false"
"d107de34-50a8-4ae2-a39c-bc0cdd77d39a","b1f1d3e2-285a-44a0-b59b-203a45f00db8","","P","false"
"d407e2ed-4fa8-494f-a69c-c0c5dc77d207","b1f1d3e2-285a-44a0-b59b-203a45f00db8","","A","false"
"e8fd290c-920f-43c6-9e58-97c42cc1a1fe","b1f1d3e2-285a-44a0-b59b-203a45f00db8","","P","false"
"ebfd2dc5-910f-4233-a158-9c7d2bc1a06b","b1f1d3e2-285a-44a0-b59b-203a45f00db8","","A","false"
"2e2202e1-13e4-4197-837c-75b90d59a26f","b1f1d3e2-285a-44a0-b59b-203a45f00db8","","P","false"
"2b21fe28-14e4-432a-807c-71000e59a402","b1f1d3e2-285a-44a0-b59b-203a45f00db8","","P","false"
"13ecb0c2-e85e-4a10-8947-55fa81d2e3c8","b1f1d3e2-285a-44a0-b59b-203a45f00db8","","P","false"
"12ecaf2f-eb5e-4ec9-8847-546784d2e881","b1f1d3e2-285a-44a0-b59b-203a45f00db8","","A","false"
"e114b38f-7236-4a59-a52a-0cf7da662841","b1f1d3e2-285a-44a0-b59b-203a45f00db8","","P","false"
"e214b522-6f36-45a0-a62a-0e8ad7662388","b1f1d3e2-285a-44a0-b59b-203a45f00db8","","P","false"
"d6cbf2e8-76c4-461a-bae1-19f0bef3a1a2","b1f1d3e2-285a-44a0-b59b-203a45f00db8","","P","false"
"d9cbf7a1-75c4-4487-bde1-1ea9bdf3a00f","b1f1d3e2-285a-44a0-b59b-203a45f00db8","","P","false"
"f9af631d-9297-46c3-a50f-cc65c2d1820b","b1f1d3e2-285a-44a0-b59b-203a45f00db8","","P","false"
"f6af5e64-9397-4856-a20f-c7acc3d1839e","b1f1d3e2-285a-44a0-b59b-203a45f00db8","","A","false"
"df7a10fe-8739-410c-899d-45c6b8afd0d4","b1f1d3e2-285a-44a0-b59b-203a45f00db8","","P","false"
"de7a0f6b-8a39-45c5-889d-4433bbafd58d","b1f1d3e2-285a-44a0-b59b-203a45f00db8","","P","false"
"c012116f-cc5d-4ae1-8b71-e397ddd47849","b1f1d3e2-285a-44a0-b59b-203a45f00db8","","P","false"
"c1121302-c95d-4628-8c71-e52adad47390","b1f1d3e2-285a-44a0-b59b-203a45f00db8","","P","false"
"348b52c8-b228-48c2-9feb-bc1062615a8a","b1f1d3e2-285a-44a0-b59b-203a45f00db8","","A","false"
"378b5781-b128-472f-a2eb-c0c9616158f7","b1f1d3e2-285a-44a0-b59b-203a45f00db8","","P","false"
"952289b9-774c-4917-a083-2561878601ff","b1f1d3e2-285a-44a0-b59b-203a45f00db8","","P","false"
"92228500-784c-4aaa-9d83-20a888860392","b1f1d3e2-285a-44a0-b59b-203a45f00db8","","P","false"
"93354178-d415-467e-adec-fa401f871626","b1f1d3e2-285a-44a0-b59b-203a45f00db8","2","","false"
"585951cd-b4ad-46ef-b311-d415a01e7f77","b1f1d3e2-285a-44a0-b59b-203a45f00db8","3","","false"
"3ce6cb2e-2927-4848-979f-4d7675d58c70","b1f1d3e2-285a-44a0-b59b-203a45f00db8","1","","false"
"da06b6ab-89be-4f39-b4bf-38f3f66cf5c1","b1f1d3e2-285a-44a0-b59b-203a45f00db8","3","","false"
"cac2b233-0a70-4cb5-9022-ca1b4e6e0a7d","b1f1d3e2-285a-44a0-b59b-203a45f00db8","2","","false"
"69155632-454c-4c60-ae76-379a8949fa28","b1f1d3e2-285a-44a0-b59b-203a45f00db8","1","","false"
"8487dcd1-70d3-43e7-a9e8-8bd99392bacf","b1f1d3e2-285a-44a0-b59b-203a45f00db8","1","","false"
"2bf49858-d3b3-486a-a00f-fb90c66ab802","b1f1d3e2-285a-44a0-b59b-203a45f00db8","2","","false"
"b77b56ff-cf25-4ca9-8b96-2317e0a00a21","b1f1d3e2-285a-44a0-b59b-203a45f00db8","3","","false"
"103f4cd4-7917-41da-8870-d34cd083df92","b1f1d3e2-285a-44a0-b59b-203a45f00db8","2","","false"
"1a60fe0b-7489-4619-93cf-b903ebf66631","b1f1d3e2-285a-44a0-b59b-203a45f00db8","2","","false"
"b9f0d68a-4f64-4ea4-b360-5b022595215c","b1f1d3e2-285a-44a0-b59b-203a45f00db8","3","","false"
"3563f449-5ac3-445b-8d95-ad21b0f33d93","b1f1d3e2-285a-44a0-b59b-203a45f00db8","1","","false"
"538ebf58-bda3-48de-8cfe-43d015108696","b1f1d3e2-285a-44a0-b59b-203a45f00db8","2","","false"
"8c5ec53e-c5bc-4de8-9a43-d6d677241900","b1f1d3e2-285a-44a0-b59b-203a45f00db8","1","","false"
"6cf6c5af-8ae0-4e3d-9adb-4027bc48f2d5","b1f1d3e2-285a-44a0-b59b-203a45f00db8","3","","false"
"e1700708-6f6e-479e-af55-18a0a0d66c36","b1f1d3e2-285a-44a0-b59b-203a45f00db8","3","","false"
"42073df9-0c8e-431b-b129-b6713df657b3","b1f1d3e2-285a-44a0-b59b-203a45f00db8","0","","false"
"c2b9cb75-f0fd-45e3-a0e0-e9ed1959e8db","b1f1d3e2-285a-44a0-b59b-203a45f00db8","3","","false"
"fd95bb20-908c-4e62-9a7e-db9837ad565a","b1f1d3e2-285a-44a0-b59b-203a45f00db8","0","","false"
"291be2a7-abff-4501-a605-9a3f331faa99","b1f1d3e2-285a-44a0-b59b-203a45f00db8","3","","false"
"8bfbf72a-536c-4088-979f-9972a9471a50","b1f1d3e2-285a-44a0-b59b-203a45f00db8","2","","false"
"876e4b69-def2-4f2f-b312-2011d4cd41d7","b1f1d3e2-285a-44a0-b59b-203a45f00db8","3","","false"
"fafc7d1a-ab29-4ac4-8179-57c222ee788c","b1f1d3e2-285a-44a0-b59b-203a45f00db8","2","","false"
"f66ed159-b688-407b-9bae-a9e12e4d5e43","b1f1d3e2-285a-44a0-b59b-203a45f00db8","1","","false"
"d14a29e4-5618-48fa-9689-d00c4dde0042","b1f1d3e2-285a-44a0-b59b-203a45f00db8","3","","false"
"dca90f9b-504d-48b9-a1e8-b5c368135261","b1f1d3e2-285a-44a0-b59b-203a45f00db8","3","","false"
"3f89241e-efb6-41c8-84c8-ca46e77be910","b1f1d3e2-285a-44a0-b59b-203a45f00db8","3","","false"
"abb30c0f-c56b-4365-a8ab-d137810eb80d","b1f1d3e2-285a-44a0-b59b-203a45f00db8","78.27940791834328","","false"
"4b1bd51e-0047-4310-a814-67e6bbeaa7b8","b1f1d3e2-285a-44a0-b59b-203a45f00db8","83.0976838629818","","false"
"668e5bbd-2bcd-4a97-8386-ee85c7709cdf","b1f1d3e2-285a-44a0-b59b-203a45f00db8","89.89074577804007","","false"
"dcdcdae4-66a9-4a42-b9d6-372c210f8a6a","b1f1d3e2-285a-44a0-b59b-203a45f00db8","60.37142224827301","","false"
"017949bc-b4b5-4426-9429-ffe4fb69e68e","b1f1d3e2-285a-44a0-b59b-203a45f00db8","77.8121110003899","","false"
"c69d5a11-354d-4d77-b94e-a7595c011d7f","b1f1d3e2-285a-44a0-b59b-203a45f00db8","86.83575088071925","","false"
"ab2ad372-0b04-4a70-bddc-531ad07a5ed8","b1f1d3e2-285a-44a0-b59b-203a45f00db8","84.10302688692838","","false"
"f990d43f-939f-4639-9afc-3e97290da351","b1f1d3e2-285a-44a0-b59b-203a45f00db8","41.65857484982095","","false"
"6e0a1598-996a-467a-af76-17100d9b1cb2","b1f1d3e2-285a-44a0-b59b-203a45f00db8","81.12836769262839","","false"
"3d7a528d-1fae-40a3-8f4e-1a852180b29b","b1f1d3e2-285a-44a0-b59b-203a45f00db8","82.9636188974535","","false"
"2207cbee-158c-4f6c-b3db-93e61621cce4","b1f1d3e2-285a-44a0-b59b-203a45f00db8","86.58182257996367","","false"
"83dc375f-dab0-4fc1-b472-fd373b467459","b1f1d3e2-285a-44a0-b59b-203a45f00db8","91.15381515582101","","false"
"78564238-bf3e-4922-8a2a-0a303fd4201a","b1f1d3e2-285a-44a0-b59b-203a45f00db8","80.78622701991017","","false"
"d8ed7929-8462-4977-8ac1-7381e4f7fe0f","b1f1d3e2-285a-44a0-b59b-203a45f00db8","65.27700141937765","","false"
"bd46083a-331e-48a4-ab63-3c6257b8a64c","b1f1d3e2-285a-44a0-b59b-203a45f00db8","63.63445204266043","","false"
"99863b7c-7ef5-45f2-81d8-c4145cefcf0a","b1f1d3e2-285a-44a0-b59b-203a45f00db8","77.54631400590276","","false"
"211a7a5f-b0a8-4885-93b0-54173d77013d","b2f1d575-295a-4633-b69b-21cd46f00f4b","","P","false"
"221a7bf2-ada8-43cc-94b0-55aa3a76fc84","b2f1d575-295a-4633-b69b-21cd46f00f4b","","P","false"
"bf460eee-eb83-4830-91db-b6467852f0e8","b2f1d575-295a-4633-b69b-21cd46f00f4b","","A","false"
"be460d5b-ee83-4ce9-90db-b4b37b52f5a1","b2f1d575-295a-4633-b69b-21cd46f00f4b","","P","false"
"dab8958d-15cc-4b37-ad4e-3ce5829bb18f","b2f1d575-295a-4633-b69b-21cd46f00f4b","","P","false"
"d7b890d4-16cc-4cca-aa4e-382c839bb322","b2f1d575-295a-4633-b69b-21cd46f00f4b","","P","false"
"d107de34-50a8-4ae2-a39c-bc0cdd77d39a","b2f1d575-295a-4633-b69b-21cd46f00f4b","","P","false"
"d407e2ed-4fa8-494f-a69c-c0c5dc77d207","b2f1d575-295a-4633-b69b-21cd46f00f4b","","P","false"
"e8fd290c-920f-43c6-9e58-97c42cc1a1fe","b2f1d575-295a-4633-b69b-21cd46f00f4b","","P","false"
"ebfd2dc5-910f-4233-a158-9c7d2bc1a06b","b2f1d575-295a-4633-b69b-21cd46f00f4b","","A","false"
"2e2202e1-13e4-4197-837c-75b90d59a26f","b2f1d575-295a-4633-b69b-21cd46f00f4b","","A","false"
"2b21fe28-14e4-432a-807c-71000e59a402","b2f1d575-295a-4633-b69b-21cd46f00f4b","","P","false"
"13ecb0c2-e85e-4a10-8947-55fa81d2e3c8","b2f1d575-295a-4633-b69b-21cd46f00f4b","","P","false"
"12ecaf2f-eb5e-4ec9-8847-546784d2e881","b2f1d575-295a-4633-b69b-21cd46f00f4b","","P","false"
"e114b38f-7236-4a59-a52a-0cf7da662841","b2f1d575-295a-4633-b69b-21cd46f00f4b","","A","false"
"e214b522-6f36-45a0-a62a-0e8ad7662388","b2f1d575-295a-4633-b69b-21cd46f00f4b","","P","false"
"d6cbf2e8-76c4-461a-bae1-19f0bef3a1a2","b2f1d575-295a-4633-b69b-21cd46f00f4b","","P","false"
"d9cbf7a1-75c4-4487-bde1-1ea9bdf3a00f","b2f1d575-295a-4633-b69b-21cd46f00f4b","","P","false"
"f9af631d-9297-46c3-a50f-cc65c2d1820b","b2f1d575-295a-4633-b69b-21cd46f00f4b","","P","false"
"f6af5e64-9397-4856-a20f-c7acc3d1839e","b2f1d575-295a-4633-b69b-21cd46f00f4b","","A","false"
"df7a10fe-8739-410c-899d-45c6b8afd0d4","b2f1d575-295a-4633-b69b-21cd46f00f4b","","P","false"
"de7a0f6b-8a39-45c5-889d-4433bbafd58d","b2f1d575-295a-4633-b69b-21cd46f00f4b","","A","false"
"c012116f-cc5d-4ae1-8b71-e397ddd47849","b2f1d575-295a-4633-b69b-21cd46f00f4b","","P","false"
"c1121302-c95d-4628-8c71-e52adad47390","b2f1d575-295a-4633-b69b-21cd46f00f4b","","P","false"
"348b52c8-b228-48c2-9feb-bc1062615a8a","b2f1d575-295a-4633-b69b-21cd46f00f4b","","A","false"
"378b5781-b128-472f-a2eb-c0c9616158f7","b2f1d575-295a-4633-b69b-21cd46f00f4b","","A","false"
"952289b9-774c-4917-a083-2561878601ff","b2f1d575-295a-4633-b69b-21cd46f00f4b","","A","false"
"92228500-784c-4aaa-9d83-20a888860392","b2f1d575-295a-4633-b69b-21cd46f00f4b","","P","false"
"93354178-d415-467e-adec-fa401f871626","b2f1d575-295a-4633-b69b-21cd46f00f4b","2","","false"
"585951cd-b4ad-46ef-b311-d415a01e7f77","b2f1d575-295a-4633-b69b-21cd46f00f4b","2","","false"
"3ce6cb2e-2927-4848-979f-4d7675d58c70","b2f1d575-295a-4633-b69b-21cd46f00f4b","1","","false"
"da06b6ab-89be-4f39-b4bf-38f3f66cf5c1","b2f1d575-295a-4633-b69b-21cd46f00f4b","3","","false"
"cac2b233-0a70-4cb5-9022-ca1b4e6e0a7d","b2f1d575-295a-4633-b69b-21cd46f00f4b","3","","false"
"69155632-454c-4c60-ae76-379a8949fa28","b2f1d575-295a-4633-b69b-21cd46f00f4b","0","","false"
"8487dcd1-70d3-43e7-a9e8-8bd99392bacf","b2f1d575-295a-4633-b69b-21cd46f00f4b","2","","false"
"2bf49858-d3b3-486a-a00f-fb90c66ab802","b2f1d575-295a-4633-b69b-21cd46f00f4b","3","","false"
"b77b56ff-cf25-4ca9-8b96-2317e0a00a21","b2f1d575-295a-4633-b69b-21cd46f00f4b","3","","false"
"103f4cd4-7917-41da-8870-d34cd083df92","b2f1d575-295a-4633-b69b-21cd46f00f4b","0","","false"
"1a60fe0b-7489-4619-93cf-b903ebf66631","b2f1d575-295a-4633-b69b-21cd46f00f4b","3","","false"
"b9f0d68a-4f64-4ea4-b360-5b022595215c","b2f1d575-295a-4633-b69b-21cd46f00f4b","3","","false"
"3563f449-5ac3-445b-8d95-ad21b0f33d93","b2f1d575-295a-4633-b69b-21cd46f00f4b","2","","false"
"538ebf58-bda3-48de-8cfe-43d015108696","b2f1d575-295a-4633-b69b-21cd46f00f4b","2","","false"
"8c5ec53e-c5bc-4de8-9a43-d6d677241900","b2f1d575-295a-4633-b69b-21cd46f00f4b","2","","false"
"6cf6c5af-8ae0-4e3d-9adb-4027bc48f2d5","b2f1d575-295a-4633-b69b-21cd46f00f4b","2","","false"
"e1700708-6f6e-479e-af55-18a0a0d66c36","b2f1d575-295a-4633-b69b-21cd46f00f4b","3","","false"
"42073df9-0c8e-431b-b129-b6713df657b3","b2f1d575-295a-4633-b69b-21cd46f00f4b","3","","false"
"c2b9cb75-f0fd-45e3-a0e0-e9ed1959e8db","b2f1d575-295a-4633-b69b-21cd46f00f4b","3","","false"
"fd95bb20-908c-4e62-9a7e-db9837ad565a","b2f1d575-295a-4633-b69b-21cd46f00f4b","3","","false"
"291be2a7-abff-4501-a605-9a3f331faa99","b2f1d575-295a-4633-b69b-21cd46f00f4b","1","","false"
"8bfbf72a-536c-4088-979f-9972a9471a50","b2f1d575-295a-4633-b69b-21cd46f00f4b","2","","false"
"876e4b69-def2-4f2f-b312-2011d4cd41d7","b2f1d575-295a-4633-b69b-21cd46f00f4b","1","","false"
"fafc7d1a-ab29-4ac4-8179-57c222ee788c","b2f1d575-295a-4633-b69b-21cd46f00f4b","3","","false"
"f66ed159-b688-407b-9bae-a9e12e4d5e43","b2f1d575-295a-4633-b69b-21cd46f00f4b","0","","false"
"d14a29e4-5618-48fa-9689-d00c4dde0042","b2f1d575-295a-4633-b69b-21cd46f00f4b","0","","false"
"dca90f9b-504d-48b9-a1e8-b5c368135261","b2f1d575-295a-4633-b69b-21cd46f00f4b","3","","false"
"3f89241e-efb6-41c8-84c8-ca46e77be910","b2f1d575-295a-4633-b69b-21cd46f00f4b","3","","false"
"abb30c0f-c56b-4365-a8ab-d137810eb80d","b2f1d575-295a-4633-b69b-21cd46f00f4b","57.11052781593838","","false"
"4b1bd51e-0047-4310-a814-67e6bbeaa7b8","b2f1d575-295a-4633-b69b-21cd46f00f4b","67.73686895427514","","false"
"668e5bbd-2bcd-4a97-8386-ee85c7709cdf","b2f1d575-295a-4633-b69b-21cd46f00f4b","64.85736738244913","","false"
"dcdcdae4-66a9-4a42-b9d6-372c210f8a6a","b2f1d575-295a-4633-b69b-21cd46f00f4b","53.52307317360558","","false"
"017949bc-b4b5-4426-9429-ffe4fb69e68e","b2f1d575-295a-4633-b69b-21cd46f00f4b","60.7565524344366","","false"
"c69d5a11-354d-4d77-b94e-a7595c011d7f","b2f1d575-295a-4633-b69b-21cd46f00f4b","61.78040223126504","","false"
"ab2ad372-0b04-4a70-bddc-531ad07a5ed8","b2f1d575-295a-4633-b69b-21cd46f00f4b","77.81894654364953","","false"
"f990d43f-939f-4639-9afc-3e97290da351","b2f1d575-295a-4633-b69b-21cd46f00f4b","54.7162387401459","","false"
"6e0a1598-996a-467a-af76-17100d9b1cb2","b2f1d575-295a-4633-b69b-21cd46f00f4b","58.811238743011415","","false"
"3d7a528d-1fae-40a3-8f4e-1a852180b29b","b2f1d575-295a-4633-b69b-21cd46f00f4b","76.61449614235187","","false"
"2207cbee-158c-4f6c-b3db-93e61621cce4","b2f1d575-295a-4633-b69b-21cd46f00f4b","91.551901131975","","false"
"83dc375f-dab0-4fc1-b472-fd373b467459","b2f1d575-295a-4633-b69b-21cd46f00f4b","73.52370943332426","","false"
"78564238-bf3e-4922-8a2a-0a303fd4201a","b2f1d575-295a-4633-b69b-21cd46f00f4b","98.01138074752419","","false"
"d8ed7929-8462-4977-8ac1-7381e4f7fe0f","b2f1d575-295a-4633-b69b-21cd46f00f4b","99.7875390047073","","false"
"bd46083a-331e-48a4-ab63-3c6257b8a64c","b2f1d575-295a-4633-b69b-21cd46f00f4b","69.75421496952953","","false"
"99863b7c-7ef5-45f2-81d8-c4145cefcf0a","b2f1d575-295a-4633-b69b-21cd46f00f4b","79.43091440773617","","false"
"211a7a5f-b0a8-4885-93b0-54173d77013d","b3f1d708-365a-4aaa-a79b-0a3043f00a92","","P","false"
"221a7bf2-ada8-43cc-94b0-55aa3a76fc84","b3f1d708-365a-4aaa-a79b-0a3043f00a92","","P","false"
"bf460eee-eb83-4830-91db-b6467852f0e8","b3f1d708-365a-4aaa-a79b-0a3043f00a92","","P","false"
"be460d5b-ee83-4ce9-90db-b4b37b52f5a1","b3f1d708-365a-4aaa-a79b-0a3043f00a92","","P","false"
"dab8958d-15cc-4b37-ad4e-3ce5829bb18f","b3f1d708-365a-4aaa-a79b-0a3043f00a92","","P","false"
"d7b890d4-16cc-4cca-aa4e-382c839bb322","b3f1d708-365a-4aaa-a79b-0a3043f00a92","","P","false"
"d107de34-50a8-4ae2-a39c-bc0cdd77d39a","b3f1d708-365a-4aaa-a79b-0a3043f00a92","","P","false"
"d407e2ed-4fa8-494f-a69c-c0c5dc77d207","b3f1d708-365a-4aaa-a79b-0a3043f00a92","","P","false"
"e8fd290c-920f-43c6-9e58-97c42cc1a1fe","b3f1d708-365a-4aaa-a79b-0a3043f00a92","","P","false"
"ebfd2dc5-910f-4233-a158-9c7d2bc1a06b","b3f1d708-365a-4aaa-a79b-0a3043f00a92","","P","false"
"2e2202e1-13e4-4197-837c-75b90d59a26f","b3f1d708-365a-4aaa-a79b-0a3043f00a92","","P","false"
"2b21fe28-14e4-432a-807c-71000e59a402","b3f1d708-365a-4aaa-a79b-0a3043f00a92","","P","false"
"13ecb0c2-e85e-4a10-8947-55fa81d2e3c8","b3f1d708-365a-4aaa-a79b-0a3043f00a92","","P","false"
"12ecaf2f-eb5e-4ec9-8847-546784d2e881","b3f1d708-365a-4aaa-a79b-0a3043f00a92","","A","false"
"e114b38f-7236-4a59-a52a-0cf7da662841","b3f1d708-365a-4aaa-a79b-0a3043f00a92","","P","false"
"e214b522-6f36-45a0-a62a-0e8ad7662388","b3f1d708-365a-4aaa-a79b-0a3043f00a92","","P","false"
"d6cbf2e8-76c4-461a-bae1-19f0bef3a1a2","b3f1d708-365a-4aaa-a79b-0a3043f00a92","","P","false"
"d9cbf7a1-75c4-4487-bde1-1ea9bdf3a00f","b3f1d708-365a-4aaa-a79b-0a3043f00a92","","P","false"
"f9af631d-9297-46c3-a50f-cc65c2d1820b","b3f1d708-365a-4aaa-a79b-0a3043f00a92","","P","false"
"f6af5e64-9397-4856-a20f-c7acc3d1839e","b3f1d708-365a-4aaa-a79b-0a3043f00a92","","P","false"
"df7a10fe-8739-410c-899d-45c6b8afd0d4","b3f1d708-365a-4aaa-a79b-0a3043f00a92","","P","false"
"de7a0f6b-8a39-45c5-889d-4433bbafd58d","b3f1d708-365a-4aaa-a79b-0a3043f00a92","","P","false"
"c012116f-cc5d-4ae1-8b71-e397ddd47849","b3f1d708-365a-4aaa-a79b-0a3043f00a92","","P","false"
"c1121302-c95d-4628-8c71-e52adad47390","b3f1d708-365a-4aaa-a79b-0a3043f00a92","","P","false"
"348b52c8-b228-48c2-9feb-bc1062615a8a","b3f1d708-365a-4aaa-a79b-0a3043f00a92","","P","false"
"378b5781-b128-472f-a2eb-c0c9616158f7","b3f1d708-365a-4aaa-a79b-0a3043f00a92","","P","false"
"952289b9-774c-4917-a083-2561878601ff","b3f1d708-365a-4aaa-a79b-0a3043f00a92","","P","false"
"92228500-784c-4aaa-9d83-20a888860392","b3f1d708-365a-4aaa-a79b-0a3043f00a92","","P","false"
"93354178-d415-467e-adec-fa401f871626","b3f1d708-365a-4aaa-a79b-0a3043f00a92","2","","false"
"585951cd-b4ad-46ef-b311-d415a01e7f77","b3f1d708-365a-4aaa-a79b-0a3043f00a92","3","","false"
"3ce6cb2e-2927-4848-979f-4d7675d58c70","b3f1d708-365a-4aaa-a79b-0a3043f00a92","2","","false"
"da06b6ab-89be-4f39-b4bf-38f3f66cf5c1","b3f1d708-365a-4aaa-a79b-0a3043f00a92","3","","false"
"cac2b233-0a70-4cb5-9022-ca1b4e6e0a7d","b3f1d708-365a-4aaa-a79b-0a3043f00a92","3","","false"
"69155632-454c-4c60-ae76-379a8949fa28","b3f1d708-365a-4aaa-a79b-0a3043f00a92","3","","false"
"8487dcd1-70d3-43e7-a9e8-8bd99392bacf","b3f1d708-365a-4aaa-a79b-0a3043f00a92","2","","false"
"2bf49858-d3b3-486a-a00f-fb90c66ab802","b3f1d708-365a-4aaa-a79b-0a3043f00a92","3","","false"
"b77b56ff-cf25-4ca9-8b96-2317e0a00a21","b3f1d708-365a-4aaa-a79b-0a3043f00a92","2","","false"
"103f4cd4-7917-41da-8870-d34cd083df92","b3f1d708-365a-4aaa-a79b-0a3043f00a92","3","","false"
"1a60fe0b-7489-4619-93cf-b903ebf66631","b3f1d708-365a-4aaa-a79b-0a3043f00a92","1","","false"
"b9f0d68a-4f64-4ea4-b360-5b022595215c","b3f1d708-365a-4aaa-a79b-0a3043f00a92","3","","false"
"3563f449-5ac3-445b-8d95-ad21b0f33d93","b3f1d708-365a-4aaa-a79b-0a3043f00a92","3","","false"
"538ebf58-bda3-48de-8cfe-43d015108696","b3f1d708-365a-4aaa-a79b-0a3043f00a92","2","","false"
"8c5ec53e-c5bc-4de8-9a43-d6d677241900","b3f1d708-365a-4aaa-a79b-0a3043f00a92","3","","false"
"6cf6c5af-8ae0-4e3d-9adb-4027bc48f2d5","b3f1d708-365a-4aaa-a79b-0a3043f00a92","3","","false"
"e1700708-6f6e-479e-af55-18a0a0d66c36","b3f1d708-365a-4aaa-a79b-0a3043f00a92","1","","false"
"42073df9-0c8e-431b-b129-b6713df657b3","b3f1d708-365a-4aaa-a79b-0a3043f00a92","2","","false"
"c2b9cb75-f0fd-45e3-a0e0-e9ed1959e8db","b3f1d708-365a-4aaa-a79b-0a3043f00a92","1","","false"
"fd95bb20-908c-4e62-9a7e-db9837ad565a","b3f1d708-365a-4aaa-a79b-0a3043f00a92","3","","false"
"291be2a7-abff-4501-a605-9a3f331faa99","b3f1d708-365a-4aaa-a79b-0a3043f00a92","3","","false"
"8bfbf72a-536c-4088-979f-9972a9471a50","b3f1d708-365a-4aaa-a79b-0a3043f00a92","2","","false"
"876e4b69-def2-4f2f-b312-2011d4cd41d7","b3f1d708-365a-4aaa-a79b-0a3043f00a92","2","","false"
"fafc7d1a-ab29-4ac4-8179-57c222ee788c","b3f1d708-365a-4aaa-a79b-0a3043f00a92","1","","false"
"f66ed159-b688-407b-9bae-a9e12e4d5e43","b3f1d708-365a-4aaa-a79b-0a3043f00a92","3","","false"
"d14a29e4-5618-48fa-9689-d00c4dde0042","b3f1d708-365a-4aaa-a79b-0a3043f00a92","3","","false"
"dca90f9b-504d-48b9-a1e8-b5c368135261","b3f1d708-365a-4aaa-a79b-0a3043f00a92","3","","false"
"3f89241e-efb6-41c8-84c8-ca46e77be910","b3f1d708-365a-4aaa-a79b-0a3043f00a92","3","","false"
"abb30c0f-c56b-4365-a8ab-d137810eb80d","b3f1d708-365a-4aaa-a79b-0a3043f00a92","68.08532102001391","","false"
"4b1bd51e-0047-4310-a814-67e6bbeaa7b8","b3f1d708-365a-4aaa-a79b-0a3043f00a92","100","","false"
"668e5bbd-2bcd-4a97-8386-ee85c7709cdf","b3f1d708-365a-4aaa-a79b-0a3043f00a92","96.03065437633327","","false"
"dcdcdae4-66a9-4a42-b9d6-372c210f8a6a","b3f1d708-365a-4aaa-a79b-0a3043f00a92","97.63291595628417","","false"
"017949bc-b4b5-4426-9429-ffe4fb69e68e","b3f1d708-365a-4aaa-a79b-0a3043f00a92","83.43921646863163","","false"
"c69d5a11-354d-4d77-b94e-a7595c011d7f","b3f1d708-365a-4aaa-a79b-0a3043f00a92","80.91541046792864","","false"
"ab2ad372-0b04-4a70-bddc-531ad07a5ed8","b3f1d708-365a-4aaa-a79b-0a3043f00a92","85.65559671503507","","false"
"f990d43f-939f-4639-9afc-3e97290da351","b3f1d708-365a-4aaa-a79b-0a3043f00a92","81.40240569422588","","false"
"6e0a1598-996a-467a-af76-17100d9b1cb2","b3f1d708-365a-4aaa-a79b-0a3043f00a92","92.42931817101024","","false"
"3d7a528d-1fae-40a3-8f4e-1a852180b29b","b3f1d708-365a-4aaa-a79b-0a3043f00a92","92.03550761522223","","false"
"2207cbee-158c-4f6c-b3db-93e61621cce4","b3f1d708-365a-4aaa-a79b-0a3043f00a92","79.70954602014481","","false"
"83dc375f-dab0-4fc1-b472-fd373b467459","b3f1d708-365a-4aaa-a79b-0a3043f00a92","85.49473315322666","","false"
"78564238-bf3e-4922-8a2a-0a303fd4201a","b3f1d708-365a-4aaa-a79b-0a3043f00a92","92.8261933890224","","false"
"d8ed7929-8462-4977-8ac1-7381e4f7fe0f","b3f1d708-365a-4aaa-a79b-0a3043f00a92","85.17059070367901","","false"
"bd46083a-331e-48a4-ab63-3c6257b8a64c","b3f1d708-365a-4aaa-a79b-0a3043f00a92","100","","false"
"99863b7c-7ef5-45f2-81d8-c4145cefcf0a","b3f1d708-365a-4aaa-a79b-0a3043f00a92","75.94332436280985","","false"
"211a7a5f-b0a8-4885-93b0-54173d77013d","b4f1d89b-375a-4c3d-a89b-0bc344f00c25","","P","false"
"221a7bf2-ada8-43cc-94b0-55aa3a76fc84","b4f1d89b-375a-4c3d-a89b-0bc344f00c25","","P","false"
"bf460eee-eb83-4830-91db-b6467852f0e8","b4f1d89b-375a-4c3d-a89b-0bc344f00c25","","A","false"
"be460d5b-ee83-4ce9-90db-b4b37b52f5a1","b4f1d89b-375a-4c3d-a89b-0bc344f00c25","","P","false"
"dab8958d-15cc-4b37-ad4e-3ce5829bb18f","b4f1d89b-375a-4c3d-a89b-0bc344f00c25","","P","false"
"d7b890d4-16cc-4cca-aa4e-382c839bb322","b4f1d89b-375a-4c3d-a89b-0bc344f00c25","","A","false"
"d107de34-50a8-4ae2-a39c-bc0cdd77d39a","b4f1d89b-375a-4c3d-a89b-0bc344f00c25","","P","false"
"d407e2ed-4fa8-494f-a69c-c0c5dc77d207","b4f1d89b-375a-4c3d-a89b-0bc344f00c25","","A","false"
"e8fd290c-920f-43c6-9e58-97c42cc1a1fe","b4f1d89b-375a-4c3d-a89b-0bc344f00c25","","P","false"
"ebfd2dc5-910f-4233-a158-9c7d2bc1a06b","b4f1d89b-375a-4c3d-a89b-0bc344f00c25","","A","false"
"2e2202e1-13e4-4197-837c-75b90d59a26f","b4f1d89b-375a-4c3d-a89b-0bc344f00c25","","P","false"
"2b21fe28-14e4-432a-807c-71000e59a402","b4f1d89b-375a-4c3d-a89b-0bc344f00c25","","P","false"
"13ecb0c2-e85e-4a10-8947-55fa81d2e3c8","b4f1d89b-375a-4c3d-a89b-0bc344f00c25","","P","false"
"12ecaf2f-eb5e-4ec9-8847-546784d2e881","b4f1d89b-375a-4c3d-a89b-0bc344f00c25","","P","false"
"e114b38f-7236-4a59-a52a-0cf7da662841","b4f1d89b-375a-4c3d-a89b-0bc344f00c25","","P","false"
"e214b522-6f36-45a0-a62a-0e8ad7662388","b4f1d89b-375a-4c3d-a89b-0bc344f00c25","","P","false"
"d6cbf2e8-76c4-461a-bae1-19f0bef3a1a2","b4f1d89b-375a-4c3d-a89b-0bc344f00c25","","P","false"
"d9cbf7a1-75c4-4487-bde1-1ea9bdf3a00f","b4f1d89b-375a-4c3d-a89b-0bc344f00c25","","P","false"
"f9af631d-9297-46c3-a50f-cc65c2d1820b","b4f1d89b-375a-4c3d-a89b-0bc344f00c25","","P","false"
"f6af5e64-9397-4856-a20f-c7acc3d1839e","b4f1d89b-375a-4c3d-a89b-0bc344f00c25","","P","false"
"df7a10fe-8739-410c-899d-45c6b8afd0d4","b4f1d89b-375a-4c3d-a89b-0bc344f00c25","","P","false"
"de7a0f6b-8a39-45c5-889d-4433bbafd58d","b4f1d89b-375a-4c3d-a89b-0bc344f00c25","","A","false"
"c012116f-cc5d-4ae1-8b71-e397ddd47849","b4f1d89b-375a-4c3d-a89b-0bc344f00c25","","P","false"
"c1121302-c95d-4628-8c71-e52adad47390","b4f1d89b-375a-4c3d-a89b-0bc344f00c25","","P","false"
"348b52c8-b228-48c2-9feb-bc1062615a8a","b4f1d89b-375a-4c3d-a89b-0bc344f00c25","","A","false"
"378b5781-b128-472f-a2eb-c0c9616158f7","b4f1d89b-375a-4c3d-a89b-0bc344f00c25","","P","false"
"952289b9-774c-4917-a083-2561878601ff","b4f1d89b-375a-4c3d-a89b-0bc344f00c25","","P","false"
"92228500-784c-4aaa-9d83-20a888860392","b4f1d89b-375a-4c3d-a89b-0bc344f00c25","","P","false"
"93354178-d415-467e-adec-fa401f871626","b4f1d89b-375a-4c3d-a89b-0bc344f00c25","2","","false"
"585951cd-b4ad-46ef-b311-d415a01e7f77","b4f1d89b-375a-4c3d-a89b-0bc344f00c25","2","","false"
"3ce6cb2e-2927-4848-979f-4d7675d58c70","b4f1d89b-375a-4c3d-a89b-0bc344f00c25","2","","false"
"da06b6ab-89be-4f39-b4bf-38f3f66cf5c1","b4f1d89b-375a-4c3d-a89b-0bc344f00c25","2","","false"
"cac2b233-0a70-4cb5-9022-ca1b4e6e0a7d","b4f1d89b-375a-4c3d-a89b-0bc344f00c25","3","","false"
"69155632-454c-4c60-ae76-379a8949fa28","b4f1d89b-375a-4c3d-a89b-0bc344f00c25","3","","false"
"8487dcd1-70d3-43e7-a9e8-8bd99392bacf","b4f1d89b-375a-4c3d-a89b-0bc344f00c25","3","","false"
"2bf49858-d3b3-486a-a00f-fb90c66ab802","b4f1d89b-375a-4c3d-a89b-0bc344f00c25","3","","false"
"b77b56ff-cf25-4ca9-8b96-2317e0a00a21","b4f1d89b-375a-4c3d-a89b-0bc344f00c25","1","","false"
"103f4cd4-7917-41da-8870-d34cd083df92","b4f1d89b-375a-4c3d-a89b-0bc344f00c25","3","","false"
"1a60fe0b-7489-4619-93cf-b903ebf66631","b4f1d89b-375a-4c3d-a89b-0bc344f00c25","3","","false"
"b9f0d68a-4f64-4ea4-b360-5b022595215c","b4f1d89b-375a-4c3d-a89b-0bc344f00c25","3","","false"
"3563f449-5ac3-445b-8d95-ad21b0f33d93","b4f1d89b-375a-4c3d-a89b-0bc344f00c25","2","","false"
"538ebf58-bda3-48de-8cfe-43d015108696","b4f1d89b-375a-4c3d-a89b-0bc344f00c25","2","","false"
"8c5ec53e-c5bc-4de8-9a43-d6d677241900","b4f1d89b-375a-4c3d-a89b-0bc344f00c25","2","","false"
"6cf6c5af-8ae0-4e3d-9adb-4027bc48f2d5","b4f1d89b-375a-4c3d-a89b-0bc344f00c25","2","","false"
"e1700708-6f6e-479e-af55-18a0a0d66c36","b4f1d89b-375a-4c3d-a89b-0bc344f00c25","1","","false"
"42073df9-0c8e-431b-b129-b6713df657b3","b4f1d89b-375a-4c3d-a89b-0bc344f00c25","2","","false"
"c2b9cb75-f0fd-45e3-a0e0-e9ed1959e8db","b4f1d89b-375a-4c3d-a89b-0bc344f00c25","3","","false"
"fd95bb20-908c-4e62-9a7e-db9837ad565a","b4f1d89b-375a-4c3d-a89b-0bc344f00c25","3","","false"
"291be2a7-abff-4501-a605-9a3f331faa99","b4f1d89b-375a-4c3d-a89b-0bc344f00c25","2","","false"
"8bfbf72a-536c-4088-979f-9972a9471a50","b4f1d89b-375a-4c3d-a89b-0bc344f00c25","3","","false"
"876e4b69-def2-4f2f-b312-2011d4cd41d7","b4f1d89b-375a-4c3d-a89b-0bc344f00c25","2","","false"
"fafc7d1a-ab29-4ac4-8179-57c222ee788c","b4f1d89b-375a-4c3d-a89b-0bc344f00c25","2","","false"
"f66ed159-b688-407b-9bae-a9e12e4d5e43","b4f1d89b-375a-4c3d-a89b-0bc344f00c25","3","","false"
"d14a29e4-5618-48fa-9689-d00c4dde0042","b4f1d89b-375a-4c3d-a89b-0bc344f00c25","2","","false"
"dca90f9b-504d-48b9-a1e8-b5c368135261","b4f1d89b-375a-4c3d-a89b-0bc344f00c25","2","","false"
"3f89241e-efb6-41c8-84c8-ca46e77be910","b4f1d89b-375a-4c3d-a89b-0bc344f00c25","2","","false"
"abb30c0f-c56b-4365-a8ab-d137810eb80d","b4f1d89b-375a-4c3d-a89b-0bc344f00c25","84.45425516847337","","false"
"4b1bd51e-0047-4310-a814-67e6bbeaa7b8","b4f1d89b-375a-4c3d-a89b-0bc344f00c25","91.1449486627489","","false"
"668e5bbd-2bcd-4a97-8386-ee85c7709cdf","b4f1d89b-375a-4c3d-a89b-0bc344f00c25","87.85481271180811","","false"
"dcdcdae4-66a9-4a42-b9d6-372c210f8a6a","b4f1d89b-375a-4c3d-a89b-0bc344f00c25","73.01399694084193","","false"
"017949bc-b4b5-4426-9429-ffe4fb69e68e","b4f1d89b-375a-4c3d-a89b-0bc344f00c25","80.25543291187063","","false"
"c69d5a11-354d-4d77-b94e-a7595c011d7f","b4f1d89b-375a-4c3d-a89b-0bc344f00c25","77.26469550067134","","false"
"ab2ad372-0b04-4a70-bddc-531ad07a5ed8","b4f1d89b-375a-4c3d-a89b-0bc344f00c25","76.18230513810974","","false"
"f990d43f-939f-4639-9afc-3e97290da351","b4f1d89b-375a-4c3d-a89b-0bc344f00c25","55.15272006757823","","false"
"6e0a1598-996a-467a-af76-17100d9b1cb2","b4f1d89b-375a-4c3d-a89b-0bc344f00c25","71.8994006844245","","false"
"3d7a528d-1fae-40a3-8f4e-1a852180b29b","b4f1d89b-375a-4c3d-a89b-0bc344f00c25","82.69030965459953","","false"
"2207cbee-158c-4f6c-b3db-93e61621cce4","b4f1d89b-375a-4c3d-a89b-0bc344f00c25","38.71900924471646","","false"
"83dc375f-dab0-4fc1-b472-fd373b467459","b4f1d89b-375a-4c3d-a89b-0bc344f00c25","57.751295917247575","","false"
"78564238-bf3e-4922-8a2a-0a303fd4201a","b4f1d89b-375a-4c3d-a89b-0bc344f00c25","77.21800759138381","","false"
"d8ed7929-8462-4977-8ac1-7381e4f7fe0f","b4f1d89b-375a-4c3d-a89b-0bc344f00c25","74.78196235831092","","false"
"bd46083a-331e-48a4-ab63-3c6257b8a64c","b4f1d89b-375a-4c3d-a89b-0bc344f00c25","88.67186849390245","","false"
"99863b7c-7ef5-45f2-81d8-c4145cefcf0a","b4f1d89b-375a-4c3d-a89b-0bc344f00c25","70.3549856689142","","false"
"211a7a5f-b0a8-4885-93b0-54173d77013d","3df96c0b-2857-4609-a1a2-860345edcf21","","A","false"
"221a7bf2-ada8-43cc-94b0-55aa3a76fc84","3df96c0b-2857-4609-a1a2-860345edcf21","","P","false"
"bf460eee-eb83-4830-91db-b6467852f0e8","3df96c0b-2857-4609-a1a2-860345edcf21","","P","false"
"be460d5b-ee83-4ce9-90db-b4b37b52f5a1","3df96c0b-2857-4609-a1a2-860345edcf21","","P","false"
"dab8958d-15cc-4b37-ad4e-3ce5829bb18f","3df96c0b-2857-4609-a1a2-860345edcf21","","P","false"
"d7b890d4-16cc-4cca-aa4e-382c839bb322","3df96c0b-2857-4609-a1a2-860345edcf21","","A","false"
"d107de34-50a8-4ae2-a39c-bc0cdd77d39a","3df96c0b-2857-4609-a1a2-860345edcf21","","P","false"
"d407e2ed-4fa8-494f-a69c-c0c5dc77d207","3df96c0b-2857-4609-a1a2-860345edcf21","","A","false"
"e8fd290c-920f-43c6-9e58-97c42cc1a1fe","3df96c0b-2857-4609-a1a2-860345edcf21","","P","false"
"ebfd2dc5-910f-4233-a158-9c7d2bc1a06b","3df96c0b-2857-4609-a1a2-860345edcf21","","P","false"
"2e2202e1-13e4-4197-837c-75b90d59a26f","3df96c0b-2857-4609-a1a2-860345edcf21","","A","false"
"2b21fe28-14e4-432a-807c-71000e59a402","3df96c0b-2857-4609-a1a2-860345edcf21","","P","false"
"13ecb0c2-e85e-4a10-8947-55fa81d2e3c8","3df96c0b-2857-4609-a1a2-860345edcf21","","P","false"
"12ecaf2f-eb5e-4ec9-8847-546784d2e881","3df96c0b-2857-4609-a1a2-860345edcf21","","P","false"
"e114b38f-7236-4a59-a52a-0cf7da662841","3df96c0b-2857-4609-a1a2-860345edcf21","","A","false"
"e214b522-6f36-45a0-a62a-0e8ad7662388","3df96c0b-2857-4609-a1a2-860345edcf21","","P","false"
"d6cbf2e8-76c4-461a-bae1-19f0bef3a1a2","3df96c0b-2857-4609-a1a2-860345edcf21","","A","false"
"d9cbf7a1-75c4-4487-bde1-1ea9bdf3a00f","3df96c0b-2857-4609-a1a2-860345edcf21","","P","false"
"f9af631d-9297-46c3-a50f-cc65c2d1820b","3df96c0b-2857-4609-a1a2-860345edcf21","","P","false"
"f6af5e64-9397-4856-a20f-c7acc3d1839e","3df96c0b-2857-4609-a1a2-860345edcf21","","P","false"
"df7a10fe-8739-410c-899d-45c6b8afd0d4","3df96c0b-2857-4609-a1a2-860345edcf21","","P","false"
"de7a0f6b-8a39-45c5-889d-4433bbafd58d","3df96c0b-2857-4609-a1a2-860345edcf21","","A","false"
"c012116f-cc5d-4ae1-8b71-e397ddd47849","3df96c0b-2857-4609-a1a2-860345edcf21","","P","false"
"c1121302-c95d-4628-8c71-e52adad47390","3df96c0b-2857-4609-a1a2-860345edcf21","","P","false"
"348b52c8-b228-48c2-9feb-bc1062615a8a","3df96c0b-2857-4609-a1a2-860345edcf21","","P","false"
"378b5781-b128-472f-a2eb-c0c9616158f7","3df96c0b-2857-4609-a1a2-860345edcf21","","A","false"
"952289b9-774c-4917-a083-2561878601ff","3df96c0b-2857-4609-a1a2-860345edcf21","","A","false"
"92228500-784c-4aaa-9d83-20a888860392","3df96c0b-2857-4609-a1a2-860345edcf21","","P","false"
"93354178-d415-467e-adec-fa401f871626","3df96c0b-2857-4609-a1a2-860345edcf21","1","","false"
"585951cd-b4ad-46ef-b311-d415a01e7f77","3df96c0b-2857-4609-a1a2-860345edcf21","2","","false"
"3ce6cb2e-2927-4848-979f-4d7675d58c70","3df96c0b-2857-4609-a1a2-860345edcf21","2","","false"
"da06b6ab-89be-4f39-b4bf-38f3f66cf5c1","3df96c0b-2857-4609-a1a2-860345edcf21","1","","false"
"cac2b233-0a70-4cb5-9022-ca1b4e6e0a7d","3df96c0b-2857-4609-a1a2-860345edcf21","3","","false"
"69155632-454c-4c60-ae76-379a8949fa28","3df96c0b-2857-4609-a1a2-860345edcf21","3","","false"
"8487dcd1-70d3-43e7-a9e8-8bd99392bacf","3df96c0b-2857-4609-a1a2-860345edcf21","2","","false"
"2bf49858-d3b3-486a-a00f-fb90c66ab802","3df96c0b-2857-4609-a1a2-860345edcf21","0","","false"
"b77b56ff-cf25-4ca9-8b96-2317e0a00a21","3df96c0b-2857-4609-a1a2-860345edcf21","1","","false"
"103f4cd4-7917-41da-8870-d34cd083df92","3df96c0b-2857-4609-a1a2-860345edcf21","2","","false"
"1a60fe0b-7489-4619-93cf-b903ebf66631","3df96c0b-2857-4609-a1a2-860345edcf21","2","","false"
"b9f0d68a-4f64-4ea4-b360-5b022595215c","3df96c0b-2857-4609-a1a2-860345edcf21","0","","false"
"3563f449-5ac3-445b-8d95-ad21b0f33d93","3df96c0b-2857-4609-a1a2-860345edcf21","2","","false"
"538ebf58-bda3-48de-8cfe-43d015108696","3df96c0b-2857-4609-a1a2-860345edcf21","2","","false"
"8c5ec53e-c5bc-4de8-9a43-d6d677241900","3df96c0b-2857-4609-a1a2-860345edcf21","3","","false"
"6cf6c5af-8ae0-4e3d-9adb-4027bc48f2d5","3df96c0b-2857-4609-a1a2-860345edcf21","1","","false"
"e1700708-6f6e-479e-af55-18a0a0d66c36","3df96c0b-2857-4609-a1a2-860345edcf21","1","","false"
"42073df9-0c8e-431b-b129-b6713df657b3","3df96c0b-2857-4609-a1a2-860345edcf21","2","","false"
"c2b9cb75-f0fd-45e3-a0e0-e9ed1959e8db","3df96c0b-2857-4609-a1a2-860345edcf21","1","","false"
"fd95bb20-908c-4e62-9a7e-db9837ad565a","3df96c0b-2857-4609-a1a2-860345edcf21","1","","false"
"291be2a7-abff-4501-a605-9a3f331faa99","3df96c0b-2857-4609-a1a2-860345edcf21","2","","false"
"8bfbf72a-536c-4088-979f-9972a9471a50","3df96c0b-2857-4609-a1a2-860345edcf21","1","","false"
"876e4b69-def2-4f2f-b312-2011d4cd41d7","3df96c0b-2857-4609-a1a2-860345edcf21","1","","false"
"fafc7d1a-ab29-4ac4-8179-57c222ee788c","3df96c0b-2857-4609-a1a2-860345edcf21","1","","false"
"f66ed159-b688-407b-9bae-a9e12e4d5e43","3df96c0b-2857-4609-a1a2-860345edcf21","3","","false"
"d14a29e4-5618-48fa-9689-d00c4dde0042","3df96c0b-2857-4609-a1a2-860345edcf21","1","","false"
"dca90f9b-504d-48b9-a1e8-b5c368135261","3df96c0b-2857-4609-a1a2-860345edcf21","2","","false"
"3f89241e-efb6-41c8-84c8-ca46e77be910","3df96c0b-2857-4609-a1a2-860345edcf21","2","","false"
"abb30c0f-c56b-4365-a8ab-d137810eb80d","3df96c0b-2857-4609-a1a2-860345edcf21","63.3783333790478","","false"
"4b1bd51e-0047-4310-a814-67e6bbeaa7b8","3df96c0b-2857-4609-a1a2-860345edcf21","58.26185483263657","","false"
"668e5bbd-2bcd-4a97-8386-ee85c7709cdf","3df96c0b-2857-4609-a1a2-860345edcf21","54.724440363976285","","false"
"dcdcdae4-66a9-4a42-b9d6-372c210f8a6a","3df96c0b-2857-4609-a1a2-860345edcf21","84.69878291455527","","false"
"017949bc-b4b5-4426-9429-ffe4fb69e68e","3df96c0b-2857-4609-a1a2-860345edcf21","50.08594984744762","","false"
"c69d5a11-354d-4d77-b94e-a7595c011d7f","3df96c0b-2857-4609-a1a2-860345edcf21","58.45762947327836","","false"
"ab2ad372-0b04-4a70-bddc-531ad07a5ed8","3df96c0b-2857-4609-a1a2-860345edcf21","40.86715846591579","","false"
"f990d43f-939f-4639-9afc-3e97290da351","3df96c0b-2857-4609-a1a2-860345edcf21","74.1585204768349","","false"
"6e0a1598-996a-467a-af76-17100d9b1cb2","3df96c0b-2857-4609-a1a2-860345edcf21","58.43614204259842","","false"
"3d7a528d-1fae-40a3-8f4e-1a852180b29b","3df96c0b-2857-4609-a1a2-860345edcf21","43.79044573676639","","false"
"2207cbee-158c-4f6c-b3db-93e61621cce4","3df96c0b-2857-4609-a1a2-860345edcf21","50.17238471678657","","false"
"83dc375f-dab0-4fc1-b472-fd373b467459","3df96c0b-2857-4609-a1a2-860345edcf21","45.00682407171412","","false"
"78564238-bf3e-4922-8a2a-0a303fd4201a","3df96c0b-2857-4609-a1a2-860345edcf21","76.36013144181271","","false"
"d8ed7929-8462-4977-8ac1-7381e4f7fe0f","3df96c0b-2857-4609-a1a2-860345edcf21","84.17785908784924","","false"
"bd46083a-331e-48a4-ab63-3c6257b8a64c","3df96c0b-2857-4609-a1a2-860345edcf21","48.42677708971283","","false"
"99863b7c-7ef5-45f2-81d8-c4145cefcf0a","3df96c0b-2857-4609-a1a2-860345edcf21","57.16372286930029","","false"
"211a7a5f-b0a8-4885-93b0-54173d77013d","3cf96a78-2757-4476-a0a2-847044edcd8e","","A","false"
"221a7bf2-ada8-43cc-94b0-55aa3a76fc84","3cf96a78-2757-4476-a0a2-847044edcd8e","","P","false"
"bf460eee-eb83-4830-91db-b6467852f0e8","3cf96a78-2757-4476-a0a2-847044edcd8e","","P","false"
"be460d5b-ee83-4ce9-90db-b4b37b52f5a1","3cf96a78-2757-4476-a0a2-847044edcd8e","","P","false"
"dab8958d-15cc-4b37-ad4e-3ce5829bb18f","3cf96a78-2757-4476-a0a2-847044edcd8e","","P","false"
"d7b890d4-16cc-4cca-aa4e-382c839bb322","3cf96a78-2757-4476-a0a2-847044edcd8e","","P","false"
"d107de34-50a8-4ae2-a39c-bc0cdd77d39a","3cf96a78-2757-4476-a0a2-847044edcd8e","","P","false"
"d407e2ed-4fa8-494f-a69c-c0c5dc77d207","3cf96a78-2757-4476-a0a2-847044edcd8e","","P","false"
"e8fd290c-920f-43c6-9e58-97c42cc1a1fe","3cf96a78-2757-4476-a0a2-847044edcd8e","","A","false"
"ebfd2dc5-910f-4233-a158-9c7d2bc1a06b","3cf96a78-2757-4476-a0a2-847044edcd8e","","P","false"
"2e2202e1-13e4-4197-837c-75b90d59a26f","3cf96a78-2757-4476-a0a2-847044edcd8e","","P","false"
"2b21fe28-14e4-432a-807c-71000e59a402","3cf96a78-2757-4476-a0a2-847044edcd8e","","P","false"
"13ecb0c2-e85e-4a10-8947-55fa81d2e3c8","3cf96a78-2757-4476-a0a2-847044edcd8e","","A","false"
"12ecaf2f-eb5e-4ec9-8847-546784d2e881","3cf96a78-2757-4476-a0a2-847044edcd8e","","P","false"
"e114b38f-7236-4a59-a52a-0cf7da662841","3cf96a78-2757-4476-a0a2-847044edcd8e","","P","false"
"e214b522-6f36-45a0-a62a-0e8ad7662388","3cf96a78-2757-4476-a0a2-847044edcd8e","","P","false"
"d6cbf2e8-76c4-461a-bae1-19f0bef3a1a2","3cf96a78-2757-4476-a0a2-847044edcd8e","","P","false"
"d9cbf7a1-75c4-4487-bde1-1ea9bdf3a00f","3cf96a78-2757-4476-a0a2-847044edcd8e","","P","false"
"f9af631d-9297-46c3-a50f-cc65c2d1820b","3cf96a78-2757-4476-a0a2-847044edcd8e","","P","false"
"f6af5e64-9397-4856-a20f-c7acc3d1839e","3cf96a78-2757-4476-a0a2-847044edcd8e","","A","false"
"df7a10fe-8739-410c-899d-45c6b8afd0d4","3cf96a78-2757-4476-a0a2-847044edcd8e","","P","false"
"de7a0f6b-8a39-45c5-889d-4433bbafd58d","3cf96a78-2757-4476-a0a2-847044edcd8e","","P","false"
"c012116f-cc5d-4ae1-8b71-e397ddd47849","3cf96a78-2757-4476-a0a2-847044edcd8e","","P","false"
"c1121302-c95d-4628-8c71-e52adad47390","3cf96a78-2757-4476-a0a2-847044edcd8e","","P","false"
"348b52c8-b228-48c2-9feb-bc1062615a8a","3cf96a78-2757-4476-a0a2-847044edcd8e","","P","false"
"378b5781-b128-472f-a2eb-c0c9616158f7","3cf96a78-2757-4476-a0a2-847044edcd8e","","P","false"
"952289b9-774c-4917-a083-2561878601ff","3cf96a78-2757-4476-a0a2-847044edcd8e","","P","false"
"92228500-784c-4aaa-9d83-20a888860392","3cf96a78-2757-4476-a0a2-847044edcd8e","","P","false"
"93354178-d415-467e-adec-fa401f871626","3cf96a78-2757-4476-a0a2-847044edcd8e","2","","false"
"585951cd-b4ad-46ef-b311-d415a01e7f77","3cf96a78-2757-4476-a0a2-847044edcd8e","3","","false"
"3ce6cb2e-2927-4848-979f-4d7675d58c70","3cf96a78-2757-4476-a0a2-847044edcd8e","3","","false"
"da06b6ab-89be-4f39-b4bf-38f3f66cf5c1","3cf96a78-2757-4476-a0a2-847044edcd8e","3","","false"
"cac2b233-0a70-4cb5-9022-ca1b4e6e0a7d","3cf96a78-2757-4476-a0a2-847044edcd8e","3","","false"
"69155632-454c-4c60-ae76-379a8949fa28","3cf96a78-2757-4476-a0a2-847044edcd8e","3","","false"
"8487dcd1-70d3-43e7-a9e8-8bd99392bacf","3cf96a78-2757-4476-a0a2-847044edcd8e","3","","false"
"2bf49858-d3b3-486a-a00f-fb90c66ab802","3cf96a78-2757-4476-a0a2-847044edcd8e","1","","false"
"b77b56ff-cf25-4ca9-8b96-2317e0a00a21","3cf96a78-2757-4476-a0a2-847044edcd8e","2","","false"
"103f4cd4-7917-41da-8870-d34cd083df92","3cf96a78-2757-4476-a0a2-847044edcd8e","3","","false"
"1a60fe0b-7489-4619-93cf-b903ebf66631","3cf96a78-2757-4476-a0a2-847044edcd8e","2","","false"
"b9f0d68a-4f64-4ea4-b360-5b022595215c","3cf96a78-2757-4476-a0a2-847044edcd8e","3","","false"
"3563f449-5ac3-445b-8d95-ad21b0f33d93","3cf96a78-2757-4476-a0a2-847044edcd8e","2","","false"
"538ebf58-bda3-48de-8cfe-43d015108696","3cf96a78-2757-4476-a0a2-847044edcd8e","1","","false"
"8c5ec53e-c5bc-4de8-9a43-d6d677241900","3cf96a78-2757-4476-a0a2-847044edcd8e","3","","false"
"6cf6c5af-8ae0-4e3d-9adb-4027bc48f2d5","3cf96a78-2757-4476-a0a2-847044edcd8e","3","","false"
"e1700708-6f6e-479e-af55-18a0a0d66c36","3cf96a78-2757-4476-a0a2-847044edcd8e","3","","false"
"42073df9-0c8e-431b-b129-b6713df657b3","3cf96a78-2757-4476-a0a2-847044edcd8e","3","","false"
"c2b9cb75-f0fd-45e3-a0e0-e9ed1959e8db","3cf96a78-2757-4476-a0a2-847044edcd8e","2","","false"
"fd95bb20-908c-4e62-9a7e-db9837ad565a","3cf96a78-2757-4476-a0a2-847044edcd8e","3","","false"
"291be2a7-abff-4501-a605-9a3f331faa99","3cf96a78-2757-4476-a0a2-847044edcd8e","3","","false"
"8bfbf72a-536c-4088-979f-9972a9471a50","3cf96a78-2757-4476-a0a2-847044edcd8e","3","","false"
"876e4b69-def2-4f2f-b312-2011d4cd41d7","3cf96a78-2757-4476-a0a2-847044edcd8e","1","","false"
"fafc7d1a-ab29-4ac4-8179-57c222ee788c","3cf96a78-2757-4476-a0a2-847044edcd8e","1","","false"
"f66ed159-b688-407b-9bae-a9e12e4d5e43","3cf96a78-2757-4476-a0a2-847044edcd8e","3","","false"
"d14a29e4-5618-48fa-9689-d00c4dde0042","3cf96a78-2757-4476-a0a2-847044edcd8e","3","","false"
"dca90f9b-504d-48b9-a1e8-b5c368135261","3cf96a78-2757-4476-a0a2-847044edcd8e","3","","false"
"3f89241e-efb6-41c8-84c8-ca46e77be910","3cf96a78-2757-4476-a0a2-847044edcd8e","3","","false"
"abb30c0f-c56b-4365-a8ab-d137810eb80d","3cf96a78-2757-4476-a0a2-847044edcd8e","84.87577053682429","","false"
"4b1bd51e-0047-4310-a814-67e6bbeaa7b8","3cf96a78-2757-4476-a0a2-847044edcd8e","100","","false"
"668e5bbd-2bcd-4a97-8386-ee85c7709cdf","3cf96a78-2757-4476-a0a2-847044edcd8e","92.44257128171523","","false"
"dcdcdae4-66a9-4a42-b9d6-372c210f8a6a","3cf96a78-2757-4476-a0a2-847044edcd8e","100","","false"
"017949bc-b4b5-4426-9429-ffe4fb69e68e","3cf96a78-2757-4476-a0a2-847044edcd8e","96.43173157265846","","false"
"c69d5a11-354d-4d77-b94e-a7595c011d7f","3cf96a78-2757-4476-a0a2-847044edcd8e","92.59322904435666","","false"
"ab2ad372-0b04-4a70-bddc-531ad07a5ed8","3cf96a78-2757-4476-a0a2-847044edcd8e","77.83694016927899","","false"
"f990d43f-939f-4639-9afc-3e97290da351","3cf96a78-2757-4476-a0a2-847044edcd8e","79.76687059595625","","false"
"6e0a1598-996a-467a-af76-17100d9b1cb2","3cf96a78-2757-4476-a0a2-847044edcd8e","100","","false"
"3d7a528d-1fae-40a3-8f4e-1a852180b29b","3cf96a78-2757-4476-a0a2-847044edcd8e","83.93856337227749","","false"
"2207cbee-158c-4f6c-b3db-93e61621cce4","3cf96a78-2757-4476-a0a2-847044edcd8e","89.98987854302533","","false"
"83dc375f-dab0-4fc1-b472-fd373b467459","3cf96a78-2757-4476-a0a2-847044edcd8e","96.12181150938784","","false"
"78564238-bf3e-4922-8a2a-0a303fd4201a","3cf96a78-2757-4476-a0a2-847044edcd8e","74.42411434816799","","false"
"d8ed7929-8462-4977-8ac1-7381e4f7fe0f","3cf96a78-2757-4476-a0a2-847044edcd8e","91.33176816562701","","false"
"bd46083a-331e-48a4-ab63-3c6257b8a64c","3cf96a78-2757-4476-a0a2-847044edcd8e","97.98775179532777","","false"
"99863b7c-7ef5-45f2-81d8-c4145cefcf0a","3cf96a78-2757-4476-a0a2-847044edcd8e","72.30690570145276","","false"
"211a7a5f-b0a8-4885-93b0-54173d77013d","3ff96f31-2657-42e3-a3a2-892943edcbfb","","P","false"
"221a7bf2-ada8-43cc-94b0-55aa3a76fc84","3ff96f31-2657-42e3-a3a2-892943edcbfb","","P","false"
"bf460eee-eb83-4830-91db-b6467852f0e8","3ff96f31-2657-42e3-a3a2-892943edcbfb","","P","false"
"be460d5b-ee83-4ce9-90db-b4b37b52f5a1","3ff96f31-2657-42e3-a3a2-892943edcbfb","","A","false"
"dab8958d-15cc-4b37-ad4e-3ce5829bb18f","3ff96f31-2657-42e3-a3a2-892943edcbfb","","P","false"
"d7b890d4-16cc-4cca-aa4e-382c839bb322","3ff96f31-2657-42e3-a3a2-892943edcbfb","","P","false"
"d107de34-50a8-4ae2-a39c-bc0cdd77d39a","3ff96f31-2657-42e3-a3a2-892943edcbfb","","P","false"
"d407e2ed-4fa8-494f-a69c-c0c5dc77d207","3ff96f31-2657-42e3-a3a2-892943edcbfb","","P","false"
"e8fd290c-920f-43c6-9e58-97c42cc1a1fe","3ff96f31-2657-42e3-a3a2-892943edcbfb","","P","false"
"ebfd2dc5-910f-4233-a158-9c7d2bc1a06b","3ff96f31-2657-42e3-a3a2-892943edcbfb","","P","false"
"2e2202e1-13e4-4197-837c-75b90d59a26f","3ff96f31-2657-42e3-a3a2-892943edcbfb","","P","false"
"2b21fe28-14e4-432a-807c-71000e59a402","3ff96f31-2657-42e3-a3a2-892943edcbfb","","P","false"
"13ecb0c2-e85e-4a10-8947-55fa81d2e3c8","3ff96f31-2657-42e3-a3a2-892943edcbfb","","A","false"
"12ecaf2f-eb5e-4ec9-8847-546784d2e881","3ff96f31-2657-42e3-a3a2-892943edcbfb","","P","false"
"e114b38f-7236-4a59-a52a-0cf7da662841","3ff96f31-2657-42e3-a3a2-892943edcbfb","","P","false"
"e214b522-6f36-45a0-a62a-0e8ad7662388","3ff96f31-2657-42e3-a3a2-892943edcbfb","","P","false"
"d6cbf2e8-76c4-461a-bae1-19f0bef3a1a2","3ff96f31-2657-42e3-a3a2-892943edcbfb","","P","false"
"d9cbf7a1-75c4-4487-bde1-1ea9bdf3a00f","3ff96f31-2657-42e3-a3a2-892943edcbfb","","P","false"
"f9af631d-9297-46c3-a50f-cc65c2d1820b","3ff96f31-2657-42e3-a3a2-892943edcbfb","","A","false"
"f6af5e64-9397-4856-a20f-c7acc3d1839e","3ff96f31-2657-42e3-a3a2-892943edcbfb","","P","false"
"df7a10fe-8739-410c-899d-45c6b8afd0d4","3ff96f31-2657-42e3-a3a2-892943edcbfb","","P","false"
"de7a0f6b-8a39-45c5-889d-4433bbafd58d","3ff96f31-2657-42e3-a3a2-892943edcbfb","","P","false"
"c012116f-cc5d-4ae1-8b71-e397ddd47849","3ff96f31-2657-42e3-a3a2-892943edcbfb","","P","false"
"c1121302-c95d-4628-8c71-e52adad47390","3ff96f31-2657-42e3-a3a2-892943edcbfb","","P","false"
"348b52c8-b228-48c2-9feb-bc1062615a8a","3ff96f31-2657-42e3-a3a2-892943edcbfb","","P","false"
"378b5781-b128-472f-a2eb-c0c9616158f7","3ff96f31-2657-42e3-a3a2-892943edcbfb","","P","false"
"952289b9-774c-4917-a083-2561878601ff","3ff96f31-2657-42e3-a3a2-892943edcbfb","","P","false"
"92228500-784c-4aaa-9d83-20a888860392","3ff96f31-2657-42e3-a3a2-892943edcbfb","","P","false"
"93354178-d415-467e-adec-fa401f871626","3ff96f31-2657-42e3-a3a2-892943edcbfb","2","","false"
"585951cd-b4ad-46ef-b311-d415a01e7f77","3ff96f31-2657-42e3-a3a2-892943edcbfb","1","","false"
"3ce6cb2e-2927-4848-979f-4d7675d58c70","3ff96f31-2657-42e3-a3a2-892943edcbfb","2","","false"
"da06b6ab-89be-4f39-b4bf-38f3f66cf5c1","3ff96f31-2657-42e3-a3a2-892943edcbfb","1","","false"
"cac2b233-0a70-4cb5-9022-ca1b4e6e0a7d","3ff96f31-2657-42e3-a3a2-892943edcbfb","3","","false"
"69155632-454c-4c60-ae76-379a8949fa28","3ff96f31-2657-42e3-a3a2-892943edcbfb","0","","false"
"8487dcd1-70d3-43e7-a9e8-8bd99392bacf","3ff96f31-2657-42e3-a3a2-892943edcbfb","2","","false"
"2bf49858-d3b3-486a-a00f-fb90c66ab802","3ff96f31-2657-42e3-a3a2-892943edcbfb","3","","false"
"b77b56ff-cf25-4ca9-8b96-2317e0a00a21","3ff96f31-2657-42e3-a3a2-892943edcbfb","3","","false"
"103f4cd4-7917-41da-8870-d34cd083df92","3ff96f31-2657-42e3-a3a2-892943edcbfb","1","","false"
"1a60fe0b-7489-4619-93cf-b903ebf66631","3ff96f31-2657-42e3-a3a2-892943edcbfb","2","","false"
"b9f0d68a-4f64-4ea4-b360-5b022595215c","3ff96f31-2657-42e3-a3a2-892943edcbfb","1","","false"
"3563f449-5ac3-445b-8d95-ad21b0f33d93","3ff96f31-2657-42e3-a3a2-892943edcbfb","2","","false"
"538ebf58-bda3-48de-8cfe-43d015108696","3ff96f31-2657-42e3-a3a2-892943edcbfb","1","","false"
"8c5ec53e-c5bc-4de8-9a43-d6d677241900","3ff96f31-2657-42e3-a3a2-892943edcbfb","1","","false"
"6cf6c5af-8ae0-4e3d-9adb-4027bc48f2d5","3ff96f31-2657-42e3-a3a2-892943edcbfb","1","","false"
"e1700708-6f6e-479e-af55-18a0a0d66c36","3ff96f31-2657-42e3-a3a2-892943edcbfb","0","","false"
"42073df9-0c8e-431b-b129-b6713df657b3","3ff96f31-2657-42e3-a3a2-892943edcbfb","3","","false"
"c2b9cb75-f0fd-45e3-a0e0-e9ed1959e8db","3ff96f31-2657-42e3-a3a2-892943edcbfb","1","","false"
"fd95bb20-908c-4e62-9a7e-db9837ad565a","3ff96f31-2657-42e3-a3a2-892943edcbfb","3","","false"
"291be2a7-abff-4501-a605-9a3f331faa99","3ff96f31-2657-42e3-a3a2-892943edcbfb","1","","false"
"8bfbf72a-536c-4088-979f-9972a9471a50","3ff96f31-2657-42e3-a3a2-892943edcbfb","2","","false"
"876e4b69-def2-4f2f-b312-2011d4cd41d7","3ff96f31-2657-42e3-a3a2-892943edcbfb","2","","false"
"fafc7d1a-ab29-4ac4-8179-57c222ee788c","3ff96f31-2657-42e3-a3a2-892943edcbfb","0","","false"
"f66ed159-b688-407b-9bae-a9e12e4d5e43","3ff96f31-2657-42e3-a3a2-892943edcbfb","2","","false"
"d14a29e4-5618-48fa-9689-d00c4dde0042","3ff96f31-2657-42e3-a3a2-892943edcbfb","1","","false"
"dca90f9b-504d-48b9-a1e8-b5c368135261","3ff96f31-2657-42e3-a3a2-892943edcbfb","3","","false"
"3f89241e-efb6-41c8-84c8-ca46e77be910","3ff96f31-2657-42e3-a3a2-892943edcbfb","3","","false"
"abb30c0f-c56b-4365-a8ab-d137810eb80d","3ff96f31-2657-42e3-a3a2-892943edcbfb","69.35236040981059","","false"
"4b1bd51e-0047-4310-a814-67e6bbeaa7b8","3ff96f31-2657-42e3-a3a2-892943edcbfb","81.94341630406291","","false"
"668e5bbd-2bcd-4a97-8386-ee85c7709cdf","3ff96f31-2657-42e3-a3a2-892943edcbfb","51.28868765676833","","false"
"dcdcdae4-66a9-4a42-b9d6-372c210f8a6a","3ff96f31-2657-42e3-a3a2-892943edcbfb","85.64070073559031","","false"
"017949bc-b4b5-4426-9429-ffe4fb69e68e","3ff96f31-2657-42e3-a3a2-892943edcbfb","89.09635244697114","","false"
"c69d5a11-354d-4d77-b94e-a7595c011d7f","3ff96f31-2657-42e3-a3a2-892943edcbfb","70.64350740952446","","false"
"ab2ad372-0b04-4a70-bddc-531ad07a5ed8","3ff96f31-2657-42e3-a3a2-892943edcbfb","64.2941093888962","","false"
"f990d43f-939f-4639-9afc-3e97290da351","3ff96f31-2657-42e3-a3a2-892943edcbfb","70.22309089690071","","false"
"6e0a1598-996a-467a-af76-17100d9b1cb2","3ff96f31-2657-42e3-a3a2-892943edcbfb","55.18526962409422","","false"
"3d7a528d-1fae-40a3-8f4e-1a852180b29b","3ff96f31-2657-42e3-a3a2-892943edcbfb","77.91520180057961","","false"
"2207cbee-158c-4f6c-b3db-93e61621cce4","3ff96f31-2657-42e3-a3a2-892943edcbfb","71.7662866732403","","false"
"83dc375f-dab0-4fc1-b472-fd373b467459","3ff96f31-2657-42e3-a3a2-892943edcbfb","73.18815427786538","","false"
"78564238-bf3e-4922-8a2a-0a303fd4201a","3ff96f31-2657-42e3-a3a2-892943edcbfb","99.97009429788577","","false"
"d8ed7929-8462-4977-8ac1-7381e4f7fe0f","3ff96f31-2657-42e3-a3a2-892943edcbfb","69.69796117911054","","false"
"bd46083a-331e-48a4-ab63-3c6257b8a64c","3ff96f31-2657-42e3-a3a2-892943edcbfb","49.24790027284811","","false"
"99863b7c-7ef5-45f2-81d8-c4145cefcf0a","3ff96f31-2657-42e3-a3a2-892943edcbfb","86.793040102043","","false"
"211a7a5f-b0a8-4885-93b0-54173d77013d","3ef96d9e-2557-4150-a2a2-879642edca68","","P","false"
"221a7bf2-ada8-43cc-94b0-55aa3a76fc84","3ef96d9e-2557-4150-a2a2-879642edca68","","P","false"
"bf460eee-eb83-4830-91db-b6467852f0e8","3ef96d9e-2557-4150-a2a2-879642edca68","","P","false"
"be460d5b-ee83-4ce9-90db-b4b37b52f5a1","3ef96d9e-2557-4150-a2a2-879642edca68","","P","false"
"dab8958d-15cc-4b37-ad4e-3ce5829bb18f","3ef96d9e-2557-4150-a2a2-879642edca68","","P","false"
"d7b890d4-16cc-4cca-aa4e-382c839bb322","3ef96d9e-2557-4150-a2a2-879642edca68","","P","false"
"d107de34-50a8-4ae2-a39c-bc0cdd77d39a","3ef96d9e-2557-4150-a2a2-879642edca68","","A","false"
"d407e2ed-4fa8-494f-a69c-c0c5dc77d207","3ef96d9e-2557-4150-a2a2-879642edca68","","P","false"
"e8fd290c-920f-43c6-9e58-97c42cc1a1fe","3ef96d9e-2557-4150-a2a2-879642edca68","","P","false"
"ebfd2dc5-910f-4233-a158-9c7d2bc1a06b","3ef96d9e-2557-4150-a2a2-879642edca68","","A","false"
"2e2202e1-13e4-4197-837c-75b90d59a26f","3ef96d9e-2557-4150-a2a2-879642edca68","","P","false"
"2b21fe28-14e4-432a-807c-71000e59a402","3ef96d9e-2557-4150-a2a2-879642edca68","","P","false"
"13ecb0c2-e85e-4a10-8947-55fa81d2e3c8","3ef96d9e-2557-4150-a2a2-879642edca68","","P","false"
"12ecaf2f-eb5e-4ec9-8847-546784d2e881","3ef96d9e-2557-4150-a2a2-879642edca68","","P","false"
"e114b38f-7236-4a59-a52a-0cf7da662841","3ef96d9e-2557-4150-a2a2-879642edca68","","P","false"
"e214b522-6f36-45a0-a62a-0e8ad7662388","3ef96d9e-2557-4150-a2a2-879642edca68","","P","false"
"d6cbf2e8-76c4-461a-bae1-19f0bef3a1a2","3ef96d9e-2557-4150-a2a2-879642edca68","","P","false"
"d9cbf7a1-75c4-4487-bde1-1ea9bdf3a00f","3ef96d9e-2557-4150-a2a2-879642edca68","","P","false"
"f9af631d-9297-46c3-a50f-cc65c2d1820b","3ef96d9e-2557-4150-a2a2-879642edca68","","P","false"
"f6af5e64-9397-4856-a20f-c7acc3d1839e","3ef96d9e-2557-4150-a2a2-879642edca68","","A","false"
"df7a10fe-8739-410c-899d-45c6b8afd0d4","3ef96d9e-2557-4150-a2a2-879642edca68","","P","false"
"de7a0f6b-8a39-45c5-889d-4433bbafd58d","3ef96d9e-2557-4150-a2a2-879642edca68","","P","false"
"c012116f-cc5d-4ae1-8b71-e397ddd47849","3ef96d9e-2557-4150-a2a2-879642edca68","","A","false"
"c1121302-c95d-4628-8c71-e52adad47390","3ef96d9e-2557-4150-a2a2-879642edca68","","A","false"
"348b52c8-b228-48c2-9feb-bc1062615a8a","3ef96d9e-2557-4150-a2a2-879642edca68","","P","false"
"378b5781-b128-472f-a2eb-c0c9616158f7","3ef96d9e-2557-4150-a2a2-879642edca68","","P","false"
"952289b9-774c-4917-a083-2561878601ff","3ef96d9e-2557-4150-a2a2-879642edca68","","P","false"
"92228500-784c-4aaa-9d83-20a888860392","3ef96d9e-2557-4150-a2a2-879642edca68","","P","false"
"93354178-d415-467e-adec-fa401f871626","3ef96d9e-2557-4150-a2a2-879642edca68","1","","false"
"585951cd-b4ad-46ef-b311-d415a01e7f77","3ef96d9e-2557-4150-a2a2-879642edca68","3","","false"
"3ce6cb2e-2927-4848-979f-4d7675d58c70","3ef96d9e-2557-4150-a2a2-879642edca68","0","","false"
"da06b6ab-89be-4f39-b4bf-38f3f66cf5c1","3ef96d9e-2557-4150-a2a2-879642edca68","2","","false"
"cac2b233-0a70-4cb5-9022-ca1b4e6e0a7d","3ef96d9e-2557-4150-a2a2-879642edca68","3","","false"
"69155632-454c-4c60-ae76-379a8949fa28","3ef96d9e-2557-4150-a2a2-879642edca68","2","","false"
"8487dcd1-70d3-43e7-a9e8-8bd99392bacf","3ef96d9e-2557-4150-a2a2-879642edca68","3","","false"
"2bf49858-d3b3-486a-a00f-fb90c66ab802","3ef96d9e-2557-4150-a2a2-879642edca68","3","","false"
"b77b56ff-cf25-4ca9-8b96-2317e0a00a21","3ef96d9e-2557-4150-a2a2-879642edca68","3","","false"
"103f4cd4-7917-41da-8870-d34cd083df92","3ef96d9e-2557-4150-a2a2-879642edca68","3","","false"
"1a60fe0b-7489-4619-93cf-b903ebf66631","3ef96d9e-2557-4150-a2a2-879642edca68","1","","false"
"b9f0d68a-4f64-4ea4-b360-5b022595215c","3ef96d9e-2557-4150-a2a2-879642edca68","2","","false"
"3563f449-5ac3-445b-8d95-ad21b0f33d93","3ef96d9e-2557-4150-a2a2-879642edca68","3","","false"
"538ebf58-bda3-48de-8cfe-43d015108696","3ef96d9e-2557-4150-a2a2-879642edca68","3","","false"
"8c5ec53e-c5bc-4de8-9a43-d6d677241900","3ef96d9e-2557-4150-a2a2-879642edca68","1","","false"
"6cf6c5af-8ae0-4e3d-9adb-4027bc48f2d5","3ef96d9e-2557-4150-a2a2-879642edca68","3","","false"
"e1700708-6f6e-479e-af55-18a0a0d66c36","3ef96d9e-2557-4150-a2a2-879642edca68","3","","false"
"42073df9-0c8e-431b-b129-b6713df657b3","3ef96d9e-2557-4150-a2a2-879642edca68","1","","false"
"c2b9cb75-f0fd-45e3-a0e0-e9ed1959e8db","3ef96d9e-2557-4150-a2a2-879642edca68","3","","false"
"fd95bb20-908c-4e62-9a7e-db9837ad565a","3ef96d9e-2557-4150-a2a2-879642edca68","2","","false"
"291be2a7-abff-4501-a605-9a3f331faa99","3ef96d9e-2557-4150-a2a2-879642edca68","3","","false"
"8bfbf72a-536c-4088-979f-9972a9471a50","3ef96d9e-2557-4150-a2a2-879642edca68","2","","false"
"876e4b69-def2-4f2f-b312-2011d4cd41d7","3ef96d9e-2557-4150-a2a2-879642edca68","3","","false"
"fafc7d1a-ab29-4ac4-8179-57c222ee788c","3ef96d9e-2557-4150-a2a2-879642edca68","1","","false"
"f66ed159-b688-407b-9bae-a9e12e4d5e43","3ef96d9e-2557-4150-a2a2-879642edca68","3","","false"
"d14a29e4-5618-48fa-9689-d00c4dde0042","3ef96d9e-2557-4150-a2a2-879642edca68","3","","false"
"dca90f9b-504d-48b9-a1e8-b5c368135261","3ef96d9e-2557-4150-a2a2-879642edca68","2","","false"
"3f89241e-efb6-41c8-84c8-ca46e77be910","3ef96d9e-2557-4150-a2a2-879642edca68","3","","false"
"abb30c0f-c56b-4365-a8ab-d137810eb80d","3ef96d9e-2557-4150-a2a2-879642edca68","82.49793462392819","","false"
"4b1bd51e-0047-4310-a814-67e6bbeaa7b8","3ef96d9e-2557-4150-a2a2-879642edca68","100","","false"
"668e5bbd-2bcd-4a97-8386-ee85c7709cdf","3ef96d9e-2557-4150-a2a2-879642edca68","78.3606330314922","","false"
"dcdcdae4-66a9-4a42-b9d6-372c210f8a6a","3ef96d9e-2557-4150-a2a2-879642edca68","51.4129819893399","","false"
"017949bc-b4b5-4426-9429-ffe4fb69e68e","3ef96d9e-2557-4150-a2a2-879642edca68","91.4562590335409","","false"
"c69d5a11-354d-4d77-b94e-a7595c011d7f","3ef96d9e-2557-4150-a2a2-879642edca68","91.5741082068158","","false"
"ab2ad372-0b04-4a70-bddc-531ad07a5ed8","3ef96d9e-2557-4150-a2a2-879642edca68","100","","false"
"f990d43f-939f-4639-9afc-3e97290da351","3ef96d9e-2557-4150-a2a2-879642edca68","84.09913527131016","","false"
"6e0a1598-996a-467a-af76-17100d9b1cb2","3ef96d9e-2557-4150-a2a2-879642edca68","99.43673287065309","","false"
"3d7a528d-1fae-40a3-8f4e-1a852180b29b","3ef96d9e-2557-4150-a2a2-879642edca68","84.39604582786254","","false"
"2207cbee-158c-4f6c-b3db-93e61621cce4","3ef96d9e-2557-4150-a2a2-879642edca68","89.7033037365859","","false"
"83dc375f-dab0-4fc1-b472-fd373b467459","3ef96d9e-2557-4150-a2a2-879642edca68","88.25851030968391","","false"
"78564238-bf3e-4922-8a2a-0a303fd4201a","3ef96d9e-2557-4150-a2a2-879642edca68","96.30780206762228","","false"
"d8ed7929-8462-4977-8ac1-7381e4f7fe0f","3ef96d9e-2557-4150-a2a2-879642edca68","82.25306321524815","","false"
"bd46083a-331e-48a4-ab63-3c6257b8a64c","3ef96d9e-2557-4150-a2a2-879642edca68","83.39168037374733","","false"
"99863b7c-7ef5-45f2-81d8-c4145cefcf0a","3ef96d9e-2557-4150-a2a2-879642edca68","77.04560580367746","","false"
"211a7a5f-b0a8-4885-93b0-54173d77013d","41f97257-2c57-4c55-a5a2-8c4f49edd56d","","P","false"
"221a7bf2-ada8-43cc-94b0-55aa3a76fc84","41f97257-2c57-4c55-a5a2-8c4f49edd56d","","P","false"
"bf460eee-eb83-4830-91db-b6467852f0e8","41f97257-2c57-4c55-a5a2-8c4f49edd56d","","P","false"
"be460d5b-ee83-4ce9-90db-b4b37b52f5a1","41f97257-2c57-4c55-a5a2-8c4f49edd56d","","P","false"
"dab8958d-15cc-4b37-ad4e-3ce5829bb18f","41f97257-2c57-4c55-a5a2-8c4f49edd56d","","A","false"
"d7b890d4-16cc-4cca-aa4e-382c839bb322","41f97257-2c57-4c55-a5a2-8c4f49edd56d","","P","false"
"d107de34-50a8-4ae2-a39c-bc0cdd77d39a","41f97257-2c57-4c55-a5a2-8c4f49edd56d","","P","false"
"d407e2ed-4fa8-494f-a69c-c0c5dc77d207","41f97257-2c57-4c55-a5a2-8c4f49edd56d","","P","false"
"e8fd290c-920f-43c6-9e58-97c42cc1a1fe","41f97257-2c57-4c55-a5a2-8c4f49edd56d","","A","false"
"ebfd2dc5-910f-4233-a158-9c7d2bc1a06b","41f97257-2c57-4c55-a5a2-8c4f49edd56d","","A","false"
"2e2202e1-13e4-4197-837c-75b90d59a26f","41f97257-2c57-4c55-a5a2-8c4f49edd56d","","A","false"
"2b21fe28-14e4-432a-807c-71000e59a402","41f97257-2c57-4c55-a5a2-8c4f49edd56d","","P","false"
"13ecb0c2-e85e-4a10-8947-55fa81d2e3c8","41f97257-2c57-4c55-a5a2-8c4f49edd56d","","P","false"
"12ecaf2f-eb5e-4ec9-8847-546784d2e881","41f97257-2c57-4c55-a5a2-8c4f49edd56d","","P","false"
"e114b38f-7236-4a59-a52a-0cf7da662841","41f97257-2c57-4c55-a5a2-8c4f49edd56d","","A","false"
"e214b522-6f36-45a0-a62a-0e8ad7662388","41f97257-2c57-4c55-a5a2-8c4f49edd56d","","A","false"
"d6cbf2e8-76c4-461a-bae1-19f0bef3a1a2","41f97257-2c57-4c55-a5a2-8c4f49edd56d","","P","false"
"d9cbf7a1-75c4-4487-bde1-1ea9bdf3a00f","41f97257-2c57-4c55-a5a2-8c4f49edd56d","","A","false"
"f9af631d-9297-46c3-a50f-cc65c2d1820b","41f97257-2c57-4c55-a5a2-8c4f49edd56d","","A","false"
"f6af5e64-9397-4856-a20f-c7acc3d1839e","41f97257-2c57-4c55-a5a2-8c4f49edd56d","","P","false"
"df7a10fe-8739-410c-899d-45c6b8afd0d4","41f97257-2c57-4c55-a5a2-8c4f49edd56d","","P","false"
"de7a0f6b-8a39-45c5-889d-4433bbafd58d","41f97257-2c57-4c55-a5a2-8c4f49edd56d","","P","false"
"c012116f-cc5d-4ae1-8b71-e397ddd47849","41f97257-2c57-4c55-a5a2-8c4f49edd56d","","A","false"
"c1121302-c95d-4628-8c71-e52adad47390","41f97257-2c57-4c55-a5a2-8c4f49edd56d","","P","false"
"348b52c8-b228-48c2-9feb-bc1062615a8a","41f97257-2c57-4c55-a5a2-8c4f49edd56d","","P","false"
"378b5781-b128-472f-a2eb-c0c9616158f7","41f97257-2c57-4c55-a5a2-8c4f49edd56d","","P","false"
"952289b9-774c-4917-a083-2561878601ff","41f97257-2c57-4c55-a5a2-8c4f49edd56d","","P","false"
"92228500-784c-4aaa-9d83-20a888860392","41f97257-2c57-4c55-a5a2-8c4f49edd56d","","P","false"
"93354178-d415-467e-adec-fa401f871626","41f97257-2c57-4c55-a5a2-8c4f49edd56d","2","","false"
"585951cd-b4ad-46ef-b311-d415a01e7f77","41f97257-2c57-4c55-a5a2-8c4f49edd56d","2","","false"
"3ce6cb2e-2927-4848-979f-4d7675d58c70","41f97257-2c57-4c55-a5a2-8c4f49edd56d","0","","false"
"da06b6ab-89be-4f39-b4bf-38f3f66cf5c1","41f97257-2c57-4c55-a5a2-8c4f49edd56d","1","","false"
"cac2b233-0a70-4cb5-9022-ca1b4e6e0a7d","41f97257-2c57-4c55-a5a2-8c4f49edd56d","0","","false"
"69155632-454c-4c60-ae76-379a8949fa28","41f97257-2c57-4c55-a5a2-8c4f49edd56d","3","","false"
"8487dcd1-70d3-43e7-a9e8-8bd99392bacf","41f97257-2c57-4c55-a5a2-8c4f49edd56d","2","","false"
"2bf49858-d3b3-486a-a00f-fb90c66ab802","41f97257-2c57-4c55-a5a2-8c4f49edd56d","2","","false"
"b77b56ff-cf25-4ca9-8b96-2317e0a00a21","41f97257-2c57-4c55-a5a2-8c4f49edd56d","3","","false"
"103f4cd4-7917-41da-8870-d34cd083df92","41f97257-2c57-4c55-a5a2-8c4f49edd56d","3","","false"
"1a60fe0b-7489-4619-93cf-b903ebf66631","41f97257-2c57-4c55-a5a2-8c4f49edd56d","0","","false"
"b9f0d68a-4f64-4ea4-b360-5b022595215c","41f97257-2c57-4c55-a5a2-8c4f49edd56d","2","","false"
"3563f449-5ac3-445b-8d95-ad21b0f33d93","41f97257-2c57-4c55-a5a2-8c4f49edd56d","3","","false"
"538ebf58-bda3-48de-8cfe-43d015108696","41f97257-2c57-4c55-a5a2-8c4f49edd56d","0","","false"
"8c5ec53e-c5bc-4de8-9a43-d6d677241900","41f97257-2c57-4c55-a5a2-8c4f49edd56d","3","","false"
"6cf6c5af-8ae0-4e3d-9adb-4027bc48f2d5","41f97257-2c57-4c55-a5a2-8c4f49edd56d","2","","false"
"e1700708-6f6e-479e-af55-18a0a0d66c36","41f97257-2c57-4c55-a5a2-8c4f49edd56d","2","","false"
"42073df9-0c8e-431b-b129-b6713df657b3","41f97257-2c57-4c55-a5a2-8c4f49edd56d","3","","false"
"c2b9cb75-f0fd-45e3-a0e0-e9ed1959e8db","41f97257-2c57-4c55-a5a2-8c4f49edd56d","0","","false"
"fd95bb20-908c-4e62-9a7e-db9837ad565a","41f97257-2c57-4c55-a5a2-8c4f49edd56d","3","","false"
"291be2a7-abff-4501-a605-9a3f331faa99","41f97257-2c57-4c55-a5a2-8c4f49edd56d","1","","false"
"8bfbf72a-536c-4088-979f-9972a9471a50","41f97257-2c57-4c55-a5a2-8c4f49edd56d","0","","false"
"876e4b69-def2-4f2f-b312-2011d4cd41d7","41f97257-2c57-4c55-a5a2-8c4f49edd56d","3","","false"
"fafc7d1a-ab29-4ac4-8179-57c222ee788c","41f97257-2c57-4c55-a5a2-8c4f49edd56d","1","","false"
"f66ed159-b688-407b-9bae-a9e12e4d5e43","41f97257-2c57-4c55-a5a2-8c4f49edd56d","3","","false"
"d14a29e4-5618-48fa-9689-d00c4dde0042","41f97257-2c57-4c55-a5a2-8c4f49edd56d","0","","false"
"dca90f9b-504d-48b9-a1e8-b5c368135261","41f97257-2c57-4c55-a5a2-8c4f49edd56d","1","","false"
"3f89241e-efb6-41c8-84c8-ca46e77be910","41f97257-2c57-4c55-a5a2-8c4f49edd56d","2","","false"
"abb30c0f-c56b-4365-a8ab-d137810eb80d","41f97257-2c57-4c55-a5a2-8c4f49edd56d","71.02204076259781","","false"
"4b1bd51e-0047-4310-a814-67e6bbeaa7b8","41f97257-2c57-4c55-a5a2-8c4f49edd56d","60.2899388447118","","false"
"668e5bbd-2bcd-4a97-8386-ee85c7709cdf","41f97257-2c57-4c55-a5a2-8c4f49edd56d","62.62186590312888","","false"
"dcdcdae4-66a9-4a42-b9d6-372c210f8a6a","41f97257-2c57-4c55-a5a2-8c4f49edd56d","56.746655923211875","","false"
"017949bc-b4b5-4426-9429-ffe4fb69e68e","41f97257-2c57-4c55-a5a2-8c4f49edd56d","55.83355579001359","","false"
"c69d5a11-354d-4d77-b94e-a7595c011d7f","41f97257-2c57-4c55-a5a2-8c4f49edd56d","62.98024711169714","","false"
"ab2ad372-0b04-4a70-bddc-531ad07a5ed8","41f97257-2c57-4c55-a5a2-8c4f49edd56d","60.90133789452378","","false"
"f990d43f-939f-4639-9afc-3e97290da351","41f97257-2c57-4c55-a5a2-8c4f49edd56d","57.396709570770184","","false"
"6e0a1598-996a-467a-af76-17100d9b1cb2","41f97257-2c57-4c55-a5a2-8c4f49edd56d","56.05830199485601","","false"
"3d7a528d-1fae-40a3-8f4e-1a852180b29b","41f97257-2c57-4c55-a5a2-8c4f49edd56d","50.8355630552271","","false"
"2207cbee-158c-4f6c-b3db-93e61621cce4","41f97257-2c57-4c55-a5a2-8c4f49edd56d","47.75228288672213","","false"
"83dc375f-dab0-4fc1-b472-fd373b467459","41f97257-2c57-4c55-a5a2-8c4f49edd56d","51.3847315636565","","false"
"78564238-bf3e-4922-8a2a-0a303fd4201a","41f97257-2c57-4c55-a5a2-8c4f49edd56d","50.97542381691238","","false"
"d8ed7929-8462-4977-8ac1-7381e4f7fe0f","41f97257-2c57-4c55-a5a2-8c4f49edd56d","52.90792351284631","","false"
"bd46083a-331e-48a4-ab63-3c6257b8a64c","41f97257-2c57-4c55-a5a2-8c4f49edd56d","72.55784780431026","","false"
"99863b7c-7ef5-45f2-81d8-c4145cefcf0a","41f97257-2c57-4c55-a5a2-8c4f49edd56d","58.79280265763771","","false"
"211a7a5f-b0a8-4885-93b0-54173d77013d","40f970c4-2b57-4ac2-a4a2-8abc48edd3da","","P","false"
"221a7bf2-ada8-43cc-94b0-55aa3a76fc84","40f970c4-2b57-4ac2-a4a2-8abc48edd3da","","P","false"
"bf460eee-eb83-4830-91db-b6467852f0e8","40f970c4-2b57-4ac2-a4a2-8abc48edd3da","","P","false"
"be460d5b-ee83-4ce9-90db-b4b37b52f5a1","40f970c4-2b57-4ac2-a4a2-8abc48edd3da","","P","false"
"dab8958d-15cc-4b37-ad4e-3ce5829bb18f","40f970c4-2b57-4ac2-a4a2-8abc48edd3da","","P","false"
"d7b890d4-16cc-4cca-aa4e-382c839bb322","40f970c4-2b57-4ac2-a4a2-8abc48edd3da","","P","false"
"d107de34-50a8-4ae2-a39c-bc0cdd77d39a","40f970c4-2b57-4ac2-a4a2-8abc48edd3da","","P","false"
"d407e2ed-4fa8-494f-a69c-c0c5dc77d207","40f970c4-2b57-4ac2-a4a2-8abc48edd3da","","P","false"
"e8fd290c-920f-43c6-9e58-97c42cc1a1fe","40f970c4-2b57-4ac2-a4a2-8abc48edd3da","","P","false"
"ebfd2dc5-910f-4233-a158-9c7d2bc1a06b","40f970c4-2b57-4ac2-a4a2-8abc48edd3da","","P","false"
"2e2202e1-13e4-4197-837c-75b90d59a26f","40f970c4-2b57-4ac2-a4a2-8abc48edd3da","","P","false"
"2b21fe28-14e4-432a-807c-71000e59a402","40f970c4-2b57-4ac2-a4a2-8abc48edd3da","","A","false"
"13ecb0c2-e85e-4a10-8947-55fa81d2e3c8","40f970c4-2b57-4ac2-a4a2-8abc48edd3da","","A","false"
"12ecaf2f-eb5e-4ec9-8847-546784d2e881","40f970c4-2b57-4ac2-a4a2-8abc48edd3da","","P","false"
"e114b38f-7236-4a59-a52a-0cf7da662841","40f970c4-2b57-4ac2-a4a2-8abc48edd3da","","A","false"
"e214b522-6f36-45a0-a62a-0e8ad7662388","40f970c4-2b57-4ac2-a4a2-8abc48edd3da","","P","false"
"d6cbf2e8-76c4-461a-bae1-19f0bef3a1a2","40f970c4-2b57-4ac2-a4a2-8abc48edd3da","","P","false"
"d9cbf7a1-75c4-4487-bde1-1ea9bdf3a00f","40f970c4-2b57-4ac2-a4a2-8abc48edd3da","","P","false"
"f9af631d-9297-46c3-a50f-cc65c2d1820b","40f970c4-2b57-4ac2-a4a2-8abc48edd3da","","P","false"
"f6af5e64-9397-4856-a20f-c7acc3d1839e","40f970c4-2b57-4ac2-a4a2-8abc48edd3da","","A","false"
"df7a10fe-8739-410c-899d-45c6b8afd0d4","40f970c4-2b57-4ac2-a4a2-8abc48edd3da","","P","false"
"de7a0f6b-8a39-45c5-889d-4433bbafd58d","40f970c4-2b57-4ac2-a4a2-8abc48edd3da","","P","false"
"c012116f-cc5d-4ae1-8b71-e397ddd47849","40f970c4-2b57-4ac2-a4a2-8abc48edd3da","","A","false"
"c1121302-c95d-4628-8c71-e52adad47390","40f970c4-2b57-4ac2-a4a2-8abc48edd3da","","P","false"
"348b52c8-b228-48c2-9feb-bc1062615a8a","40f970c4-2b57-4ac2-a4a2-8abc48edd3da","","A","false"
"378b5781-b128-472f-a2eb-c0c9616158f7","40f970c4-2b57-4ac2-a4a2-8abc48edd3da","","P","false"
"952289b9-774c-4917-a083-2561878601ff","40f970c4-2b57-4ac2-a4a2-8abc48edd3da","","P","false"
"92228500-784c-4aaa-9d83-20a888860392","40f970c4-2b57-4ac2-a4a2-8abc48edd3da","","P","false"
"93354178-d415-467e-adec-fa401f871626","40f970c4-2b57-4ac2-a4a2-8abc48edd3da","1","","false"
"585951cd-b4ad-46ef-b311-d415a01e7f77","40f970c4-2b57-4ac2-a4a2-8abc48edd3da","3","","false"
"3ce6cb2e-2927-4848-979f-4d7675d58c70","40f970c4-2b57-4ac2-a4a2-8abc48edd3da","1","","false"
"da06b6ab-89be-4f39-b4bf-38f3f66cf5c1","40f970c4-2b57-4ac2-a4a2-8abc48edd3da","3","","false"
"cac2b233-0a70-4cb5-9022-ca1b4e6e0a7d","40f970c4-2b57-4ac2-a4a2-8abc48edd3da","3","","false"
"69155632-454c-4c60-ae76-379a8949fa28","40f970c4-2b57-4ac2-a4a2-8abc48edd3da","1","","false"
"8487dcd1-70d3-43e7-a9e8-8bd99392bacf","40f970c4-2b57-4ac2-a4a2-8abc48edd3da","2","","false"
"2bf49858-d3b3-486a-a00f-fb90c66ab802","40f970c4-2b57-4ac2-a4a2-8abc48edd3da","1","","false"
"b77b56ff-cf25-4ca9-8b96-2317e0a00a21","40f970c4-2b57-4ac2-a4a2-8abc48edd3da","0","","false"
"103f4cd4-7917-41da-8870-d34cd083df92","40f970c4-2b57-4ac2-a4a2-8abc48edd3da","3","","false"
"1a60fe0b-7489-4619-93cf-b903ebf66631","40f970c4-2b57-4ac2-a4a2-8abc48edd3da","3","","false"
"b9f0d68a-4f64-4ea4-b360-5b022595215c","40f970c4-2b57-4ac2-a4a2-8abc48edd3da","1","","false"
"3563f449-5ac3-445b-8d95-ad21b0f33d93","40f970c4-2b57-4ac2-a4a2-8abc48edd3da","0","","false"
"538ebf58-bda3-48de-8cfe-43d015108696","40f970c4-2b57-4ac2-a4a2-8abc48edd3da","3","","false"
"8c5ec53e-c5bc-4de8-9a43-d6d677241900","40f970c4-2b57-4ac2-a4a2-8abc48edd3da","1","","false"
"6cf6c5af-8ae0-4e3d-9adb-4027bc48f2d5","40f970c4-2b57-4ac2-a4a2-8abc48edd3da","2","","false"
"e1700708-6f6e-479e-af55-18a0a0d66c36","40f970c4-2b57-4ac2-a4a2-8abc48edd3da","3","","false"
"42073df9-0c8e-431b-b129-b6713df657b3","40f970c4-2b57-4ac2-a4a2-8abc48edd3da","3","","false"
"c2b9cb75-f0fd-45e3-a0e0-e9ed1959e8db","40f970c4-2b57-4ac2-a4a2-8abc48edd3da","3","","false"
"fd95bb20-908c-4e62-9a7e-db9837ad565a","40f970c4-2b57-4ac2-a4a2-8abc48edd3da","3","","false"
"291be2a7-abff-4501-a605-9a3f331faa99","40f970c4-2b57-4ac2-a4a2-8abc48edd3da","3","","false"
"8bfbf72a-536c-4088-979f-9972a9471a50","40f970c4-2b57-4ac2-a4a2-8abc48edd3da","2","","false"
"876e4b69-def2-4f2f-b312-2011d4cd41d7","40f970c4-2b57-4ac2-a4a2-8abc48edd3da","1","","false"
"fafc7d1a-ab29-4ac4-8179-57c222ee788c","40f970c4-2b57-4ac2-a4a2-8abc48edd3da","1","","false"
"f66ed159-b688-407b-9bae-a9e12e4d5e43","40f970c4-2b57-4ac2-a4a2-8abc48edd3da","3","","false"
"d14a29e4-5618-48fa-9689-d00c4dde0042","40f970c4-2b57-4ac2-a4a2-8abc48edd3da","3","","false"
"dca90f9b-504d-48b9-a1e8-b5c368135261","40f970c4-2b57-4ac2-a4a2-8abc48edd3da","2","","false"
"3f89241e-efb6-41c8-84c8-ca46e77be910","40f970c4-2b57-4ac2-a4a2-8abc48edd3da","3","","false"
"abb30c0f-c56b-4365-a8ab-d137810eb80d","40f970c4-2b57-4ac2-a4a2-8abc48edd3da","72.29989408557276","","false"
"4b1bd51e-0047-4310-a814-67e6bbeaa7b8","40f970c4-2b57-4ac2-a4a2-8abc48edd3da","89.85493752362322","","false"
"668e5bbd-2bcd-4a97-8386-ee85c7709cdf","40f970c4-2b57-4ac2-a4a2-8abc48edd3da","82.03709190087764","","false"
"dcdcdae4-66a9-4a42-b9d6-372c210f8a6a","40f970c4-2b57-4ac2-a4a2-8abc48edd3da","73.21562951718403","","false"
"017949bc-b4b5-4426-9429-ffe4fb69e68e","40f970c4-2b57-4ac2-a4a2-8abc48edd3da","78.5838149121397","","false"
"c69d5a11-354d-4d77-b94e-a7595c011d7f","40f970c4-2b57-4ac2-a4a2-8abc48edd3da","64.51053085646822","","false"
"ab2ad372-0b04-4a70-bddc-531ad07a5ed8","40f970c4-2b57-4ac2-a4a2-8abc48edd3da","58.68170537038978","","false"
"f990d43f-939f-4639-9afc-3e97290da351","40f970c4-2b57-4ac2-a4a2-8abc48edd3da","91.1230822783109","","false"
"6e0a1598-996a-467a-af76-17100d9b1cb2","40f970c4-2b57-4ac2-a4a2-8abc48edd3da","79.44020541043093","","false"
"3d7a528d-1fae-40a3-8f4e-1a852180b29b","40f970c4-2b57-4ac2-a4a2-8abc48edd3da","50.421172894672495","","false"
"2207cbee-158c-4f6c-b3db-93e61621cce4","40f970c4-2b57-4ac2-a4a2-8abc48edd3da","56.64930481879853","","false"
"83dc375f-dab0-4fc1-b472-fd373b467459","40f970c4-2b57-4ac2-a4a2-8abc48edd3da","58.0663733046201","","false"
"78564238-bf3e-4922-8a2a-0a303fd4201a","40f970c4-2b57-4ac2-a4a2-8abc48edd3da","77.8089824173893","","false"
"d8ed7929-8462-4977-8ac1-7381e4f7fe0f","40f970c4-2b57-4ac2-a4a2-8abc48edd3da","76.53695986275937","","false"
"bd46083a-331e-48a4-ab63-3c6257b8a64c","40f970c4-2b57-4ac2-a4a2-8abc48edd3da","78.54826334756399","","false"
"99863b7c-7ef5-45f2-81d8-c4145cefcf0a","40f970c4-2b57-4ac2-a4a2-8abc48edd3da","83.5320371777816","","false"
"211a7a5f-b0a8-4885-93b0-54173d77013d","43f9757d-2a57-492f-a7a2-8f7547edd247","","P","false"
"221a7bf2-ada8-43cc-94b0-55aa3a76fc84","43f9757d-2a57-492f-a7a2-8f7547edd247","","P","false"
"bf460eee-eb83-4830-91db-b6467852f0e8","43f9757d-2a57-492f-a7a2-8f7547edd247","","P","false"
"be460d5b-ee83-4ce9-90db-b4b37b52f5a1","43f9757d-2a57-492f-a7a2-8f7547edd247","","A","false"
"dab8958d-15cc-4b37-ad4e-3ce5829bb18f","43f9757d-2a57-492f-a7a2-8f7547edd247","","P","false"
"d7b890d4-16cc-4cca-aa4e-382c839bb322","43f9757d-2a57-492f-a7a2-8f7547edd247","","P","false"
"d107de34-50a8-4ae2-a39c-bc0cdd77d39a","43f9757d-2a57-492f-a7a2-8f7547edd247","","P","false"
"d407e2ed-4fa8-494f-a69c-c0c5dc77d207","43f9757d-2a57-492f-a7a2-8f7547edd247","","P","false"
"e8fd290c-920f-43c6-9e58-97c42cc1a1fe","43f9757d-2a57-492f-a7a2-8f7547edd247","","P","false"
"ebfd2dc5-910f-4233-a158-9c7d2bc1a06b","43f9757d-2a57-492f-a7a2-8f7547edd247","","P","false"
"2e2202e1-13e4-4197-837c-75b90d59a26f","43f9757d-2a57-492f-a7a2-8f7547edd247","","A","false"
"2b21fe28-14e4-432a-807c-71000e59a402","43f9757d-2a57-492f-a7a2-8f7547edd247","","P","false"
"13ecb0c2-e85e-4a10-8947-55fa81d2e3c8","43f9757d-2a57-492f-a7a2-8f7547edd247","","P","false"
"12ecaf2f-eb5e-4ec9-8847-546784d2e881","43f9757d-2a57-492f-a7a2-8f7547edd247","","P","false"
"e114b38f-7236-4a59-a52a-0cf7da662841","43f9757d-2a57-492f-a7a2-8f7547edd247","","P","false"
"e214b522-6f36-45a0-a62a-0e8ad7662388","43f9757d-2a57-492f-a7a2-8f7547edd247","","P","false"
"d6cbf2e8-76c4-461a-bae1-19f0bef3a1a2","43f9757d-2a57-492f-a7a2-8f7547edd247","","P","false"
"d9cbf7a1-75c4-4487-bde1-1ea9bdf3a00f","43f9757d-2a57-492f-a7a2-8f7547edd247","","P","false"
"f9af631d-9297-46c3-a50f-cc65c2d1820b","43f9757d-2a57-492f-a7a2-8f7547edd247","","P","false"
"f6af5e64-9397-4856-a20f-c7acc3d1839e","43f9757d-2a57-492f-a7a2-8f7547edd247","","P","false"
"df7a10fe-8739-410c-899d-45c6b8afd0d4","43f9757d-2a57-492f-a7a2-8f7547edd247","","P","false"
"de7a0f6b-8a39-45c5-889d-4433bbafd58d","43f9757d-2a57-492f-a7a2-8f7547edd247","","A","false"
"c012116f-cc5d-4ae1-8b71-e397ddd47849","43f9757d-2a57-492f-a7a2-8f7547edd247","","A","false"
"c1121302-c95d-4628-8c71-e52adad47390","43f9757d-2a57-492f-a7a2-8f7547edd247","","A","false"
"348b52c8-b228-48c2-9feb-bc1062615a8a","43f9757d-2a57-492f-a7a2-8f7547edd247","","P","false"
"378b5781-b128-472f-a2eb-c0c9616158f7","43f9757d-2a57-492f-a7a2-8f7547edd247","","P","false"
"952289b9-774c-4917-a083-2561878601ff","43f9757d-2a57-492f-a7a2-8f7547edd247","","P","false"
"92228500-784c-4aaa-9d83-20a888860392","43f9757d-2a57-492f-a7a2-8f7547edd247","","P","false"
"93354178-d415-467e-adec-fa401f871626","43f9757d-2a57-492f-a7a2-8f7547edd247","0","","false"
"585951cd-b4ad-46ef-b311-d415a01e7f77","43f9757d-2a57-492f-a7a2-8f7547edd247","3","","false"
"3ce6cb2e-2927-4848-979f-4d7675d58c70","43f9757d-2a57-492f-a7a2-8f7547edd247","2","","false"
"da06b6ab-89be-4f39-b4bf-38f3f66cf5c1","43f9757d-2a57-492f-a7a2-8f7547edd247","3","","false"
"cac2b233-0a70-4cb5-9022-ca1b4e6e0a7d","43f9757d-2a57-492f-a7a2-8f7547edd247","1","","false"
"69155632-454c-4c60-ae76-379a8949fa28","43f9757d-2a57-492f-a7a2-8f7547edd247","1","","false"
"8487dcd1-70d3-43e7-a9e8-8bd99392bacf","43f9757d-2a57-492f-a7a2-8f7547edd247","2","","false"
"2bf49858-d3b3-486a-a00f-fb90c66ab802","43f9757d-2a57-492f-a7a2-8f7547edd247","3","","false"
"b77b56ff-cf25-4ca9-8b96-2317e0a00a21","43f9757d-2a57-492f-a7a2-8f7547edd247","3","","false"
"103f4cd4-7917-41da-8870-d34cd083df92","43f9757d-2a57-492f-a7a2-8f7547edd247","1","","false"
"1a60fe0b-7489-4619-93cf-b903ebf66631","43f9757d-2a57-492f-a7a2-8f7547edd247","2","","false"
"b9f0d68a-4f64-4ea4-b360-5b022595215c","43f9757d-2a57-492f-a7a2-8f7547edd247","3","","false"
"3563f449-5ac3-445b-8d95-ad21b0f33d93","43f9757d-2a57-492f-a7a2-8f7547edd247","3","","false"
"538ebf58-bda3-48de-8cfe-43d015108696","43f9757d-2a57-492f-a7a2-8f7547edd247","0","","false"
"8c5ec53e-c5bc-4de8-9a43-d6d677241900","43f9757d-2a57-492f-a7a2-8f7547edd247","1","","false"
"6cf6c5af-8ae0-4e3d-9adb-4027bc48f2d5","43f9757d-2a57-492f-a7a2-8f7547edd247","3","","false"
"e1700708-6f6e-479e-af55-18a0a0d66c36","43f9757d-2a57-492f-a7a2-8f7547edd247","3","","false"
"42073df9-0c8e-431b-b129-b6713df657b3","43f9757d-2a57-492f-a7a2-8f7547edd247","1","","false"
"c2b9cb75-f0fd-45e3-a0e0-e9ed1959e8db","43f9757d-2a57-492f-a7a2-8f7547edd247","2","","false"
"fd95bb20-908c-4e62-9a7e-db9837ad565a","43f9757d-2a57-492f-a7a2-8f7547edd247","2","","false"
"291be2a7-abff-4501-a605-9a3f331faa99","43f9757d-2a57-492f-a7a2-8f7547edd247","3","","false"
"8bfbf72a-536c-4088-979f-9972a9471a50","43f9757d-2a57-492f-a7a2-8f7547edd247","3","","false"
"876e4b69-def2-4f2f-b312-2011d4cd41d7","43f9757d-2a57-492f-a7a2-8f7547edd247","3","","false"
"fafc7d1a-ab29-4ac4-8179-57c222ee788c","43f9757d-2a57-492f-a7a2-8f7547edd247","2","","false"
"f66ed159-b688-407b-9bae-a9e12e4d5e43","43f9757d-2a57-492f-a7a2-8f7547edd247","2","","false"
"d14a29e4-5618-48fa-9689-d00c4dde0042","43f9757d-2a57-492f-a7a2-8f7547edd247","2","","false"
"dca90f9b-504d-48b9-a1e8-b5c368135261","43f9757d-2a57-492f-a7a2-8f7547edd247","2","","false"
"3f89241e-efb6-41c8-84c8-ca46e77be910","43f9757d-2a57-492f-a7a2-8f7547edd247","3","","false"
"abb30c0f-c56b-4365-a8ab-d137810eb80d","43f9757d-2a57-492f-a7a2-8f7547edd247","73.16920654941322","","false"
"4b1bd51e-0047-4310-a814-67e6bbeaa7b8","43f9757d-2a57-492f-a7a2-8f7547edd247","76.79876464468646","","false"
"668e5bbd-2bcd-4a97-8386-ee85c7709cdf","43f9757d-2a57-492f-a7a2-8f7547edd247","84.4814951156664","","false"
"dcdcdae4-66a9-4a42-b9d6-372c210f8a6a","43f9757d-2a57-492f-a7a2-8f7547edd247","68.74324961806849","","false"
"017949bc-b4b5-4426-9429-ffe4fb69e68e","43f9757d-2a57-492f-a7a2-8f7547edd247","76.52170442279032","","false"
"c69d5a11-354d-4d77-b94e-a7595c011d7f","43f9757d-2a57-492f-a7a2-8f7547edd247","73.09814670888542","","false"
"ab2ad372-0b04-4a70-bddc-531ad07a5ed8","43f9757d-2a57-492f-a7a2-8f7547edd247","87.97144849818307","","false"
"f990d43f-939f-4639-9afc-3e97290da351","43f9757d-2a57-492f-a7a2-8f7547edd247","91.42992646666596","","false"
"6e0a1598-996a-467a-af76-17100d9b1cb2","43f9757d-2a57-492f-a7a2-8f7547edd247","87.96866217046784","","false"
"3d7a528d-1fae-40a3-8f4e-1a852180b29b","43f9757d-2a57-492f-a7a2-8f7547edd247","87.63007066599988","","false"
"2207cbee-158c-4f6c-b3db-93e61621cce4","43f9757d-2a57-492f-a7a2-8f7547edd247","100","","false"
"83dc375f-dab0-4fc1-b472-fd373b467459","43f9757d-2a57-492f-a7a2-8f7547edd247","76.72209223238559","","false"
"78564238-bf3e-4922-8a2a-0a303fd4201a","43f9757d-2a57-492f-a7a2-8f7547edd247","86.41488820587816","","false"
"d8ed7929-8462-4977-8ac1-7381e4f7fe0f","43f9757d-2a57-492f-a7a2-8f7547edd247","65.49981226556847","","false"
"bd46083a-331e-48a4-ab63-3c6257b8a64c","43f9757d-2a57-492f-a7a2-8f7547edd247","45.08992924540067","","false"
"99863b7c-7ef5-45f2-81d8-c4145cefcf0a","43f9757d-2a57-492f-a7a2-8f7547edd247","63.01301986699167","","false"
"211a7a5f-b0a8-4885-93b0-54173d77013d","42f973ea-2957-479c-a6a2-8de246edd0b4","","P","false"
"221a7bf2-ada8-43cc-94b0-55aa3a76fc84","42f973ea-2957-479c-a6a2-8de246edd0b4","","P","false"
"bf460eee-eb83-4830-91db-b6467852f0e8","42f973ea-2957-479c-a6a2-8de246edd0b4","","P","false"
"be460d5b-ee83-4ce9-90db-b4b37b52f5a1","42f973ea-2957-479c-a6a2-8de246edd0b4","","P","false"
"dab8958d-15cc-4b37-ad4e-3ce5829bb18f","42f973ea-2957-479c-a6a2-8de246edd0b4","","P","false"
"d7b890d4-16cc-4cca-aa4e-382c839bb322","42f973ea-2957-479c-a6a2-8de246edd0b4","","P","false"
"d107de34-50a8-4ae2-a39c-bc0cdd77d39a","42f973ea-2957-479c-a6a2-8de246edd0b4","","A","false"
"d407e2ed-4fa8-494f-a69c-c0c5dc77d207","42f973ea-2957-479c-a6a2-8de246edd0b4","","A","false"
"e8fd290c-920f-43c6-9e58-97c42cc1a1fe","42f973ea-2957-479c-a6a2-8de246edd0b4","","P","false"
"ebfd2dc5-910f-4233-a158-9c7d2bc1a06b","42f973ea-2957-479c-a6a2-8de246edd0b4","","P","false"
"2e2202e1-13e4-4197-837c-75b90d59a26f","42f973ea-2957-479c-a6a2-8de246edd0b4","","P","false"
"2b21fe28-14e4-432a-807c-71000e59a402","42f973ea-2957-479c-a6a2-8de246edd0b4","","P","false"
"13ecb0c2-e85e-4a10-8947-55fa81d2e3c8","42f973ea-2957-479c-a6a2-8de246edd0b4","","A","false"
"12ecaf2f-eb5e-4ec9-8847-546784d2e881","42f973ea-2957-479c-a6a2-8de246edd0b4","","P","false"
"e114b38f-7236-4a59-a52a-0cf7da662841","42f973ea-2957-479c-a6a2-8de246edd0b4","","A","false"
"e214b522-6f36-45a0-a62a-0e8ad7662388","42f973ea-2957-479c-a6a2-8de246edd0b4","","P","false"
"d6cbf2e8-76c4-461a-bae1-19f0bef3a1a2","42f973ea-2957-479c-a6a2-8de246edd0b4","","P","false"
"d9cbf7a1-75c4-4487-bde1-1ea9bdf3a00f","42f973ea-2957-479c-a6a2-8de246edd0b4","","P","false"
"f9af631d-9297-46c3-a50f-cc65c2d1820b","42f973ea-2957-479c-a6a2-8de246edd0b4","","P","false"
"f6af5e64-9397-4856-a20f-c7acc3d1839e","42f973ea-2957-479c-a6a2-8de246edd0b4","","P","false"
"df7a10fe-8739-410c-899d-45c6b8afd0d4","42f973ea-2957-479c-a6a2-8de246edd0b4","","P","false"
"de7a0f6b-8a39-45c5-889d-4433bbafd58d","42f973ea-2957-479c-a6a2-8de246edd0b4","","P","false"
"c012116f-cc5d-4ae1-8b71-e397ddd47849","42f973ea-2957-479c-a6a2-8de246edd0b4","","P","false"
"c1121302-c95d-4628-8c71-e52adad47390","42f973ea-2957-479c-a6a2-8de246edd0b4","","A","false"
"348b52c8-b228-48c2-9feb-bc1062615a8a","42f973ea-2957-479c-a6a2-8de246edd0b4","","P","false"
"378b5781-b128-472f-a2eb-c0c9616158f7","42f973ea-2957-479c-a6a2-8de246edd0b4","","P","false"
"952289b9-774c-4917-a083-2561878601ff","42f973ea-2957-479c-a6a2-8de246edd0b4","","A","false"
"92228500-784c-4aaa-9d83-20a888860392","42f973ea-2957-479c-a6a2-8de246edd0b4","","P","false"
"93354178-d415-467e-adec-fa401f871626","42f973ea-2957-479c-a6a2-8de246edd0b4","0","","false"
"585951cd-b4ad-46ef-b311-d415a01e7f77","42f973ea-2957-479c-a6a2-8de246edd0b4","3","","false"
"3ce6cb2e-2927-4848-979f-4d7675d58c70","42f973ea-2957-479c-a6a2-8de246edd0b4","0","","false"
"da06b6ab-89be-4f39-b4bf-38f3f66cf5c1","42f973ea-2957-479c-a6a2-8de246edd0b4","0","","false"
"cac2b233-0a70-4cb5-9022-ca1b4e6e0a7d","42f973ea-2957-479c-a6a2-8de246edd0b4","1","","false"
"69155632-454c-4c60-ae76-379a8949fa28","42f973ea-2957-479c-a6a2-8de246edd0b4","1","","false"
"8487dcd1-70d3-43e7-a9e8-8bd99392bacf","42f973ea-2957-479c-a6a2-8de246edd0b4","0","","false"
"2bf49858-d3b3-486a-a00f-fb90c66ab802","42f973ea-2957-479c-a6a2-8de246edd0b4","2","","false"
"b77b56ff-cf25-4ca9-8b96-2317e0a00a21","42f973ea-2957-479c-a6a2-8de246edd0b4","2","","false"
"103f4cd4-7917-41da-8870-d34cd083df92","42f973ea-2957-479c-a6a2-8de246edd0b4","3","","false"
"1a60fe0b-7489-4619-93cf-b903ebf66631","42f973ea-2957-479c-a6a2-8de246edd0b4","3","","false"
"b9f0d68a-4f64-4ea4-b360-5b022595215c","42f973ea-2957-479c-a6a2-8de246edd0b4","3","","false"
"3563f449-5ac3-445b-8d95-ad21b0f33d93","42f973ea-2957-479c-a6a2-8de246edd0b4","0","","false"
"538ebf58-bda3-48de-8cfe-43d015108696","42f973ea-2957-479c-a6a2-8de246edd0b4","3","","false"
"8c5ec53e-c5bc-4de8-9a43-d6d677241900","42f973ea-2957-479c-a6a2-8de246edd0b4","0","","false"
"6cf6c5af-8ae0-4e3d-9adb-4027bc48f2d5","42f973ea-2957-479c-a6a2-8de246edd0b4","3","","false"
"e1700708-6f6e-479e-af55-18a0a0d66c36","42f973ea-2957-479c-a6a2-8de246edd0b4","1","","false"
"42073df9-0c8e-431b-b129-b6713df657b3","42f973ea-2957-479c-a6a2-8de246edd0b4","2","","false"
"c2b9cb75-f0fd-45e3-a0e0-e9ed1959e8db","42f973ea-2957-479c-a6a2-8de246edd0b4","2","","false"
"fd95bb20-908c-4e62-9a7e-db9837ad565a","42f973ea-2957-479c-a6a2-8de246edd0b4","0","","false"
"291be2a7-abff-4501-a605-9a3f331faa99","42f973ea-2957-479c-a6a2-8de246edd0b4","0","","false"
"8bfbf72a-536c-4088-979f-9972a9471a50","42f973ea-2957-479c-a6a2-8de246edd0b4","3","","false"
"876e4b69-def2-4f2f-b312-2011d4cd41d7","42f973ea-2957-479c-a6a2-8de246edd0b4","3","","false"
"fafc7d1a-ab29-4ac4-8179-57c222ee788c","42f973ea-2957-479c-a6a2-8de246edd0b4","3","","false"
"f66ed159-b688-407b-9bae-a9e12e4d5e43","42f973ea-2957-479c-a6a2-8de246edd0b4","2","","false"
"d14a29e4-5618-48fa-9689-d00c4dde0042","42f973ea-2957-479c-a6a2-8de246edd0b4","1","","false"
"dca90f9b-504d-48b9-a1e8-b5c368135261","42f973ea-2957-479c-a6a2-8de246edd0b4","3","","false"
"3f89241e-efb6-41c8-84c8-ca46e77be910","42f973ea-2957-479c-a6a2-8de246edd0b4","2","","false"
"abb30c0f-c56b-4365-a8ab-d137810eb80d","42f973ea-2957-479c-a6a2-8de246edd0b4","69.14329613278346","","false"
"4b1bd51e-0047-4310-a814-67e6bbeaa7b8","42f973ea-2957-479c-a6a2-8de246edd0b4","60.70507277113768","","false"
"668e5bbd-2bcd-4a97-8386-ee85c7709cdf","42f973ea-2957-479c-a6a2-8de246edd0b4","49.608041313322346","","false"
"dcdcdae4-66a9-4a42-b9d6-372c210f8a6a","42f973ea-2957-479c-a6a2-8de246edd0b4","70.03104714420434","","false"
"017949bc-b4b5-4426-9429-ffe4fb69e68e","42f973ea-2957-479c-a6a2-8de246edd0b4","68.48852202562801","","false"
"c69d5a11-354d-4d77-b94e-a7595c011d7f","42f973ea-2957-479c-a6a2-8de246edd0b4","52.898463038467185","","false"
"ab2ad372-0b04-4a70-bddc-531ad07a5ed8","42f973ea-2957-479c-a6a2-8de246edd0b4","64.94770770438208","","false"
"f990d43f-939f-4639-9afc-3e97290da351","42f973ea-2957-479c-a6a2-8de246edd0b4","58.340495229353536","","false"
"6e0a1598-996a-467a-af76-17100d9b1cb2","42f973ea-2957-479c-a6a2-8de246edd0b4","49.62665586804664","","false"
"3d7a528d-1fae-40a3-8f4e-1a852180b29b","42f973ea-2957-479c-a6a2-8de246edd0b4","53.54755306038548","","false"
"2207cbee-158c-4f6c-b3db-93e61621cce4","42f973ea-2957-479c-a6a2-8de246edd0b4","90","","false"
"83dc375f-dab0-4fc1-b472-fd373b467459","42f973ea-2957-479c-a6a2-8de246edd0b4","59.07775435455579","","false"
"78564238-bf3e-4922-8a2a-0a303fd4201a","42f973ea-2957-479c-a6a2-8de246edd0b4","69.50386331624048","","false"
"d8ed7929-8462-4977-8ac1-7381e4f7fe0f","42f973ea-2957-479c-a6a2-8de246edd0b4","44.36983197739228","","false"
"bd46083a-331e-48a4-ab63-3c6257b8a64c","42f973ea-2957-479c-a6a2-8de246edd0b4","85.72587142457112","","false"
"99863b7c-7ef5-45f2-81d8-c4145cefcf0a","42f973ea-2957-479c-a6a2-8de246edd0b4","46.53000513389557","","false"
"211a7a5f-b0a8-4885-93b0-54173d77013d","35f95f73-3057-42a1-a9a2-929b3dedc289","","A","false"
"221a7bf2-ada8-43cc-94b0-55aa3a76fc84","35f95f73-3057-42a1-a9a2-929b3dedc289","","A","false"
"bf460eee-eb83-4830-91db-b6467852f0e8","35f95f73-3057-42a1-a9a2-929b3dedc289","","A","false"
"be460d5b-ee83-4ce9-90db-b4b37b52f5a1","35f95f73-3057-42a1-a9a2-929b3dedc289","","P","false"
"dab8958d-15cc-4b37-ad4e-3ce5829bb18f","35f95f73-3057-42a1-a9a2-929b3dedc289","","P","false"
"d7b890d4-16cc-4cca-aa4e-382c839bb322","35f95f73-3057-42a1-a9a2-929b3dedc289","","P","false"
"d107de34-50a8-4ae2-a39c-bc0cdd77d39a","35f95f73-3057-42a1-a9a2-929b3dedc289","","P","false"
"d407e2ed-4fa8-494f-a69c-c0c5dc77d207","35f95f73-3057-42a1-a9a2-929b3dedc289","","P","false"
"e8fd290c-920f-43c6-9e58-97c42cc1a1fe","35f95f73-3057-42a1-a9a2-929b3dedc289","","A","false"
"ebfd2dc5-910f-4233-a158-9c7d2bc1a06b","35f95f73-3057-42a1-a9a2-929b3dedc289","","P","false"
"2e2202e1-13e4-4197-837c-75b90d59a26f","35f95f73-3057-42a1-a9a2-929b3dedc289","","P","false"
"2b21fe28-14e4-432a-807c-71000e59a402","35f95f73-3057-42a1-a9a2-929b3dedc289","","P","false"
"13ecb0c2-e85e-4a10-8947-55fa81d2e3c8","35f95f73-3057-42a1-a9a2-929b3dedc289","","P","false"
"12ecaf2f-eb5e-4ec9-8847-546784d2e881","35f95f73-3057-42a1-a9a2-929b3dedc289","","P","false"
"e114b38f-7236-4a59-a52a-0cf7da662841","35f95f73-3057-42a1-a9a2-929b3dedc289","","P","false"
"e214b522-6f36-45a0-a62a-0e8ad7662388","35f95f73-3057-42a1-a9a2-929b3dedc289","","P","false"
"d6cbf2e8-76c4-461a-bae1-19f0bef3a1a2","35f95f73-3057-42a1-a9a2-929b3dedc289","","P","false"
"d9cbf7a1-75c4-4487-bde1-1ea9bdf3a00f","35f95f73-3057-42a1-a9a2-929b3dedc289","","A","false"
"f9af631d-9297-46c3-a50f-cc65c2d1820b","35f95f73-3057-42a1-a9a2-929b3dedc289","","P","false"
"f6af5e64-9397-4856-a20f-c7acc3d1839e","35f95f73-3057-42a1-a9a2-929b3dedc289","","P","false"
"df7a10fe-8739-410c-899d-45c6b8afd0d4","35f95f73-3057-42a1-a9a2-929b3dedc289","","P","false"
"de7a0f6b-8a39-45c5-889d-4433bbafd58d","35f95f73-3057-42a1-a9a2-929b3dedc289","","P","false"
"c012116f-cc5d-4ae1-8b71-e397ddd47849","35f95f73-3057-42a1-a9a2-929b3dedc289","","A","false"
"c1121302-c95d-4628-8c71-e52adad47390","35f95f73-3057-42a1-a9a2-929b3dedc289","","P","false"
"348b52c8-b228-48c2-9feb-bc1062615a8a","35f95f73-3057-42a1-a9a2-929b3dedc289","","P","false"
"378b5781-b128-472f-a2eb-c0c9616158f7","35f95f73-3057-42a1-a9a2-929b3dedc289","","P","false"
"952289b9-774c-4917-a083-2561878601ff","35f95f73-3057-42a1-a9a2-929b3dedc289","","P","false"
"92228500-784c-4aaa-9d83-20a888860392","35f95f73-3057-42a1-a9a2-929b3dedc289","","P","false"
"93354178-d415-467e-adec-fa401f871626","35f95f73-3057-42a1-a9a2-929b3dedc289","3","","false"
"585951cd-b4ad-46ef-b311-d415a01e7f77","35f95f73-3057-42a1-a9a2-929b3dedc289","3","","false"
"3ce6cb2e-2927-4848-979f-4d7675d58c70","35f95f73-3057-42a1-a9a2-929b3dedc289","3","","false"
"da06b6ab-89be-4f39-b4bf-38f3f66cf5c1","35f95f73-3057-42a1-a9a2-929b3dedc289","2","","false"
"cac2b233-0a70-4cb5-9022-ca1b4e6e0a7d","35f95f73-3057-42a1-a9a2-929b3dedc289","3","","false"
"69155632-454c-4c60-ae76-379a8949fa28","35f95f73-3057-42a1-a9a2-929b3dedc289","3","","false"
"8487dcd1-70d3-43e7-a9e8-8bd99392bacf","35f95f73-3057-42a1-a9a2-929b3dedc289","3","","false"
"2bf49858-d3b3-486a-a00f-fb90c66ab802","35f95f73-3057-42a1-a9a2-929b3dedc289","1","","false"
"b77b56ff-cf25-4ca9-8b96-2317e0a00a21","35f95f73-3057-42a1-a9a2-929b3dedc289","2","","false"
"103f4cd4-7917-41da-8870-d34cd083df92","35f95f73-3057-42a1-a9a2-929b3dedc289","3","","false"
"1a60fe0b-7489-4619-93cf-b903ebf66631","35f95f73-3057-42a1-a9a2-929b3dedc289","2","","false"
"b9f0d68a-4f64-4ea4-b360-5b022595215c","35f95f73-3057-42a1-a9a2-929b3dedc289","3","","false"
"3563f449-5ac3-445b-8d95-ad21b0f33d93","35f95f73-3057-42a1-a9a2-929b3dedc289","1","","false"
"538ebf58-bda3-48de-8cfe-43d015108696","35f95f73-3057-42a1-a9a2-929b3dedc289","3","","false"
"8c5ec53e-c5bc-4de8-9a43-d6d677241900","35f95f73-3057-42a1-a9a2-929b3dedc289","2","","false"
"6cf6c5af-8ae0-4e3d-9adb-4027bc48f2d5","35f95f73-3057-42a1-a9a2-929b3dedc289","2","","false"
"e1700708-6f6e-479e-af55-18a0a0d66c36","35f95f73-3057-42a1-a9a2-929b3dedc289","2","","false"
"42073df9-0c8e-431b-b129-b6713df657b3","35f95f73-3057-42a1-a9a2-929b3dedc289","2","","false"
"c2b9cb75-f0fd-45e3-a0e0-e9ed1959e8db","35f95f73-3057-42a1-a9a2-929b3dedc289","1","","false"
"fd95bb20-908c-4e62-9a7e-db9837ad565a","35f95f73-3057-42a1-a9a2-929b3dedc289","2","","false"
"291be2a7-abff-4501-a605-9a3f331faa99","35f95f73-3057-42a1-a9a2-929b3dedc289","3","","false"
"8bfbf72a-536c-4088-979f-9972a9471a50","35f95f73-3057-42a1-a9a2-929b3dedc289","0","","false"
"876e4b69-def2-4f2f-b312-2011d4cd41d7","35f95f73-3057-42a1-a9a2-929b3dedc289","1","","false"
"fafc7d1a-ab29-4ac4-8179-57c222ee788c","35f95f73-3057-42a1-a9a2-929b3dedc289","3","","false"
"f66ed159-b688-407b-9bae-a9e12e4d5e43","35f95f73-3057-42a1-a9a2-929b3dedc289","3","","false"
"d14a29e4-5618-48fa-9689-d00c4dde0042","35f95f73-3057-42a1-a9a2-929b3dedc289","2","","false"
"dca90f9b-504d-48b9-a1e8-b5c368135261","35f95f73-3057-42a1-a9a2-929b3dedc289","2","","false"
"3f89241e-efb6-41c8-84c8-ca46e77be910","35f95f73-3057-42a1-a9a2-929b3dedc289","1","","false"
"abb30c0f-c56b-4365-a8ab-d137810eb80d","35f95f73-3057-42a1-a9a2-929b3dedc289","97.45425180761643","","false"
"4b1bd51e-0047-4310-a814-67e6bbeaa7b8","35f95f73-3057-42a1-a9a2-929b3dedc289","67.38958764233402","","false"
"668e5bbd-2bcd-4a97-8386-ee85c7709cdf","35f95f73-3057-42a1-a9a2-929b3dedc289","72.92953771735807","","false"
"dcdcdae4-66a9-4a42-b9d6-372c210f8a6a","35f95f73-3057-42a1-a9a2-929b3dedc289","75.11158433975211","","false"
"017949bc-b4b5-4426-9429-ffe4fb69e68e","35f95f73-3057-42a1-a9a2-929b3dedc289","94.75249762971347","","false"
"c69d5a11-354d-4d77-b94e-a7595c011d7f","35f95f73-3057-42a1-a9a2-929b3dedc289","81.57434747034159","","false"
"ab2ad372-0b04-4a70-bddc-531ad07a5ed8","35f95f73-3057-42a1-a9a2-929b3dedc289","98.3524305856341","","false"
"f990d43f-939f-4639-9afc-3e97290da351","35f95f73-3057-42a1-a9a2-929b3dedc289","42.6025415953992","","false"
"6e0a1598-996a-467a-af76-17100d9b1cb2","35f95f73-3057-42a1-a9a2-929b3dedc289","78.50492700402276","","false"
"3d7a528d-1fae-40a3-8f4e-1a852180b29b","35f95f73-3057-42a1-a9a2-929b3dedc289","73.91600224494579","","false"
"2207cbee-158c-4f6c-b3db-93e61621cce4","35f95f73-3057-42a1-a9a2-929b3dedc289","77.99461877957614","","false"
"83dc375f-dab0-4fc1-b472-fd373b467459","35f95f73-3057-42a1-a9a2-929b3dedc289","51.14325598191192","","false"
"78564238-bf3e-4922-8a2a-0a303fd4201a","35f95f73-3057-42a1-a9a2-929b3dedc289","73.77256532807127","","false"
"d8ed7929-8462-4977-8ac1-7381e4f7fe0f","35f95f73-3057-42a1-a9a2-929b3dedc289","83.28041768604098","","false"
"bd46083a-331e-48a4-ab63-3c6257b8a64c","35f95f73-3057-42a1-a9a2-929b3dedc289","70.29190636618995","","false"
"99863b7c-7ef5-45f2-81d8-c4145cefcf0a","35f95f73-3057-42a1-a9a2-929b3dedc289","63.22838609803233","","false"
"211a7a5f-b0a8-4885-93b0-54173d77013d","34f95de0-2f57-410e-a8a2-91083cedc0f6","","P","false"
"221a7bf2-ada8-43cc-94b0-55aa3a76fc84","34f95de0-2f57-410e-a8a2-91083cedc0f6","","A","false"
"bf460eee-eb83-4830-91db-b6467852f0e8","34f95de0-2f57-410e-a8a2-91083cedc0f6","","P","false"
"be460d5b-ee83-4ce9-90db-b4b37b52f5a1","34f95de0-2f57-410e-a8a2-91083cedc0f6","","P","false"
"dab8958d-15cc-4b37-ad4e-3ce5829bb18f","34f95de0-2f57-410e-a8a2-91083cedc0f6","","A","false"
"d7b890d4-16cc-4cca-aa4e-382c839bb322","34f95de0-2f57-410e-a8a2-91083cedc0f6","","A","false"
"d107de34-50a8-4ae2-a39c-bc0cdd77d39a","34f95de0-2f57-410e-a8a2-91083cedc0f6","","A","false"
"d407e2ed-4fa8-494f-a69c-c0c5dc77d207","34f95de0-2f57-410e-a8a2-91083cedc0f6","","P","false"
"e8fd290c-920f-43c6-9e58-97c42cc1a1fe","34f95de0-2f57-410e-a8a2-91083cedc0f6","","P","false"
"ebfd2dc5-910f-4233-a158-9c7d2bc1a06b","34f95de0-2f57-410e-a8a2-91083cedc0f6","","P","false"
"2e2202e1-13e4-4197-837c-75b90d59a26f","34f95de0-2f57-410e-a8a2-91083cedc0f6","","A","false"
"2b21fe28-14e4-432a-807c-71000e59a402","34f95de0-2f57-410e-a8a2-91083cedc0f6","","P","false"
"13ecb0c2-e85e-4a10-8947-55fa81d2e3c8","34f95de0-2f57-410e-a8a2-91083cedc0f6","","P","false"
"12ecaf2f-eb5e-4ec9-8847-546784d2e881","34f95de0-2f57-410e-a8a2-91083cedc0f6","","P","false"
"e114b38f-7236-4a59-a52a-0cf7da662841","34f95de0-2f57-410e-a8a2-91083cedc0f6","","A","false"
"e214b522-6f36-45a0-a62a-0e8ad7662388","34f95de0-2f57-410e-a8a2-91083cedc0f6","","P","false"
"d6cbf2e8-76c4-461a-bae1-19f0bef3a1a2","34f95de0-2f57-410e-a8a2-91083cedc0f6","","A","false"
"d9cbf7a1-75c4-4487-bde1-1ea9bdf3a00f","34f95de0-2f57-410e-a8a2-91083cedc0f6","","P","false"
"f9af631d-9297-46c3-a50f-cc65c2d1820b","34f95de0-2f57-410e-a8a2-91083cedc0f6","","P","false"
"f6af5e64-9397-4856-a20f-c7acc3d1839e","34f95de0-2f57-410e-a8a2-91083cedc0f6","","P","false"
"df7a10fe-8739-410c-899d-45c6b8afd0d4","34f95de0-2f57-410e-a8a2-91083cedc0f6","","A","false"
"de7a0f6b-8a39-45c5-889d-4433bbafd58d","34f95de0-2f57-410e-a8a2-91083cedc0f6","","A","false"
"c012116f-cc5d-4ae1-8b71-e397ddd47849","34f95de0-2f57-410e-a8a2-91083cedc0f6","","P","false"
"c1121302-c95d-4628-8c71-e52adad47390","34f95de0-2f57-410e-a8a2-91083cedc0f6","","A","false"
"348b52c8-b228-48c2-9feb-bc1062615a8a","34f95de0-2f57-410e-a8a2-91083cedc0f6","","A","false"
"378b5781-b128-472f-a2eb-c0c9616158f7","34f95de0-2f57-410e-a8a2-91083cedc0f6","","A","false"
"952289b9-774c-4917-a083-2561878601ff","34f95de0-2f57-410e-a8a2-91083cedc0f6","","P","false"
"92228500-784c-4aaa-9d83-20a888860392","34f95de0-2f57-410e-a8a2-91083cedc0f6","","A","false"
"93354178-d415-467e-adec-fa401f871626","34f95de0-2f57-410e-a8a2-91083cedc0f6","0","","false"
"585951cd-b4ad-46ef-b311-d415a01e7f77","34f95de0-2f57-410e-a8a2-91083cedc0f6","1","","false"
"3ce6cb2e-2927-4848-979f-4d7675d58c70","34f95de0-2f57-410e-a8a2-91083cedc0f6","2","","false"
"da06b6ab-89be-4f39-b4bf-38f3f66cf5c1","34f95de0-2f57-410e-a8a2-91083cedc0f6","0","","false"
"cac2b233-0a70-4cb5-9022-ca1b4e6e0a7d","34f95de0-2f57-410e-a8a2-91083cedc0f6","2","","false"
"69155632-454c-4c60-ae76-379a8949fa28","34f95de0-2f57-410e-a8a2-91083cedc0f6","3","","false"
"8487dcd1-70d3-43e7-a9e8-8bd99392bacf","34f95de0-2f57-410e-a8a2-91083cedc0f6","1","","false"
"2bf49858-d3b3-486a-a00f-fb90c66ab802","34f95de0-2f57-410e-a8a2-91083cedc0f6","3","","false"
"b77b56ff-cf25-4ca9-8b96-2317e0a00a21","34f95de0-2f57-410e-a8a2-91083cedc0f6","1","","false"
"103f4cd4-7917-41da-8870-d34cd083df92","34f95de0-2f57-410e-a8a2-91083cedc0f6","2","","false"
"1a60fe0b-7489-4619-93cf-b903ebf66631","34f95de0-2f57-410e-a8a2-91083cedc0f6","0","","false"
"b9f0d68a-4f64-4ea4-b360-5b022595215c","34f95de0-2f57-410e-a8a2-91083cedc0f6","3","","false"
"3563f449-5ac3-445b-8d95-ad21b0f33d93","34f95de0-2f57-410e-a8a2-91083cedc0f6","1","","false"
"538ebf58-bda3-48de-8cfe-43d015108696","34f95de0-2f57-410e-a8a2-91083cedc0f6","3","","false"
"8c5ec53e-c5bc-4de8-9a43-d6d677241900","34f95de0-2f57-410e-a8a2-91083cedc0f6","1","","false"
"6cf6c5af-8ae0-4e3d-9adb-4027bc48f2d5","34f95de0-2f57-410e-a8a2-91083cedc0f6","3","","false"
"e1700708-6f6e-479e-af55-18a0a0d66c36","34f95de0-2f57-410e-a8a2-91083cedc0f6","2","","false"
"42073df9-0c8e-431b-b129-b6713df657b3","34f95de0-2f57-410e-a8a2-91083cedc0f6","1","","false"
"c2b9cb75-f0fd-45e3-a0e0-e9ed1959e8db","34f95de0-2f57-410e-a8a2-91083cedc0f6","0","","false"
"fd95bb20-908c-4e62-9a7e-db9837ad565a","34f95de0-2f57-410e-a8a2-91083cedc0f6","3","","false"
"291be2a7-abff-4501-a605-9a3f331faa99","34f95de0-2f57-410e-a8a2-91083cedc0f6","1","","false"
"8bfbf72a-536c-4088-979f-9972a9471a50","34f95de0-2f57-410e-a8a2-91083cedc0f6","3","","false"
"876e4b69-def2-4f2f-b312-2011d4cd41d7","34f95de0-2f57-410e-a8a2-91083cedc0f6","2","","false"
"fafc7d1a-ab29-4ac4-8179-57c222ee788c","34f95de0-2f57-410e-a8a2-91083cedc0f6","2","","false"
"f66ed159-b688-407b-9bae-a9e12e4d5e43","34f95de0-2f57-410e-a8a2-91083cedc0f6","0","","false"
"d14a29e4-5618-48fa-9689-d00c4dde0042","34f95de0-2f57-410e-a8a2-91083cedc0f6","0","","false"
"dca90f9b-504d-48b9-a1e8-b5c368135261","34f95de0-2f57-410e-a8a2-91083cedc0f6","0","","false"
"3f89241e-efb6-41c8-84c8-ca46e77be910","34f95de0-2f57-410e-a8a2-91083cedc0f6","1","","false"
"abb30c0f-c56b-4365-a8ab-d137810eb80d","34f95de0-2f57-410e-a8a2-91083cedc0f6","40.23948525941256","","false"
"4b1bd51e-0047-4310-a814-67e6bbeaa7b8","34f95de0-2f57-410e-a8a2-91083cedc0f6","79.69059537780367","","false"
"668e5bbd-2bcd-4a97-8386-ee85c7709cdf","34f95de0-2f57-410e-a8a2-91083cedc0f6","63.87871533572593","","false"
"dcdcdae4-66a9-4a42-b9d6-372c210f8a6a","34f95de0-2f57-410e-a8a2-91083cedc0f6","47.645128203191945","","false"
"017949bc-b4b5-4426-9429-ffe4fb69e68e","34f95de0-2f57-410e-a8a2-91083cedc0f6","74.42086225210608","","false"
"c69d5a11-354d-4d77-b94e-a7595c011d7f","34f95de0-2f57-410e-a8a2-91083cedc0f6","49.138722230634585","","false"
"ab2ad372-0b04-4a70-bddc-531ad07a5ed8","34f95de0-2f57-410e-a8a2-91083cedc0f6","79.54543917088029","","false"
"f990d43f-939f-4639-9afc-3e97290da351","34f95de0-2f57-410e-a8a2-91083cedc0f6","38.591384565164816","","false"
"6e0a1598-996a-467a-af76-17100d9b1cb2","34f95de0-2f57-410e-a8a2-91083cedc0f6","68.98591009057344","","false"
"3d7a528d-1fae-40a3-8f4e-1a852180b29b","34f95de0-2f57-410e-a8a2-91083cedc0f6","65.8144102623479","","false"
"2207cbee-158c-4f6c-b3db-93e61621cce4","34f95de0-2f57-410e-a8a2-91083cedc0f6","86.67488696624815","","false"
"83dc375f-dab0-4fc1-b472-fd373b467459","34f95de0-2f57-410e-a8a2-91083cedc0f6","79.7983613544844","","false"
"78564238-bf3e-4922-8a2a-0a303fd4201a","34f95de0-2f57-410e-a8a2-91083cedc0f6","45.80421637756136","","false"
"d8ed7929-8462-4977-8ac1-7381e4f7fe0f","34f95de0-2f57-410e-a8a2-91083cedc0f6","38.86322561215776","","false"
"bd46083a-331e-48a4-ab63-3c6257b8a64c","34f95de0-2f57-410e-a8a2-91083cedc0f6","71.65118984327393","","false"
"99863b7c-7ef5-45f2-81d8-c4145cefcf0a","34f95de0-2f57-410e-a8a2-91083cedc0f6","53.45381748461942","","false"
"211a7a5f-b0a8-4885-93b0-54173d77013d","37f72402-a254-4480-bba0-705abfeabd98","","P","false"
"221a7bf2-ada8-43cc-94b0-55aa3a76fc84","37f72402-a254-4480-bba0-705abfeabd98","","P","false"
"bf460eee-eb83-4830-91db-b6467852f0e8","37f72402-a254-4480-bba0-705abfeabd98","","P","false"
"be460d5b-ee83-4ce9-90db-b4b37b52f5a1","37f72402-a254-4480-bba0-705abfeabd98","","P","false"
"dab8958d-15cc-4b37-ad4e-3ce5829bb18f","37f72402-a254-4480-bba0-705abfeabd98","","P","false"
"d7b890d4-16cc-4cca-aa4e-382c839bb322","37f72402-a254-4480-bba0-705abfeabd98","","P","false"
"d107de34-50a8-4ae2-a39c-bc0cdd77d39a","37f72402-a254-4480-bba0-705abfeabd98","","P","false"
"d407e2ed-4fa8-494f-a69c-c0c5dc77d207","37f72402-a254-4480-bba0-705abfeabd98","","P","false"
"e8fd290c-920f-43c6-9e58-97c42cc1a1fe","37f72402-a254-4480-bba0-705abfeabd98","","P","false"
"ebfd2dc5-910f-4233-a158-9c7d2bc1a06b","37f72402-a254-4480-bba0-705abfeabd98","","P","false"
"2e2202e1-13e4-4197-837c-75b90d59a26f","37f72402-a254-4480-bba0-705abfeabd98","","A","false"
"2b21fe28-14e4-432a-807c-71000e59a402","37f72402-a254-4480-bba0-705abfeabd98","","P","false"
"13ecb0c2-e85e-4a10-8947-55fa81d2e3c8","37f72402-a254-4480-bba0-705abfeabd98","","P","false"
"12ecaf2f-eb5e-4ec9-8847-546784d2e881","37f72402-a254-4480-bba0-705abfeabd98","","P","false"
"e114b38f-7236-4a59-a52a-0cf7da662841","37f72402-a254-4480-bba0-705abfeabd98","","A","false"
"e214b522-6f36-45a0-a62a-0e8ad7662388","37f72402-a254-4480-bba0-705abfeabd98","","P","false"
"d6cbf2e8-76c4-461a-bae1-19f0bef3a1a2","37f72402-a254-4480-bba0-705abfeabd98","","P","false"
"d9cbf7a1-75c4-4487-bde1-1ea9bdf3a00f","37f72402-a254-4480-bba0-705abfeabd98","","P","false"
"f9af631d-9297-46c3-a50f-cc65c2d1820b","37f72402-a254-4480-bba0-705abfeabd98","","P","false"
"f6af5e64-9397-4856-a20f-c7acc3d1839e","37f72402-a254-4480-bba0-705abfeabd98","","P","false"
"df7a10fe-8739-410c-899d-45c6b8afd0d4","37f72402-a254-4480-bba0-705abfeabd98","","P","false"
"de7a0f6b-8a39-45c5-889d-4433bbafd58d","37f72402-a254-4480-bba0-705abfeabd98","","P","false"
"c012116f-cc5d-4ae1-8b71-e397ddd47849","37f72402-a254-4480-bba0-705abfeabd98","","P","false"
"c1121302-c95d-4628-8c71-e52adad47390","37f72402-a254-4480-bba0-705abfeabd98","","P","false"
"348b52c8-b228-48c2-9feb-bc1062615a8a","37f72402-a254-4480-bba0-705abfeabd98","","A","false"
"378b5781-b128-472f-a2eb-c0c9616158f7","37f72402-a254-4480-bba0-705abfeabd98","","A","false"
"952289b9-774c-4917-a083-2561878601ff","37f72402-a254-4480-bba0-705abfeabd98","","P","false"
"92228500-784c-4aaa-9d83-20a888860392","37f72402-a254-4480-bba0-705abfeabd98","","P","false"
"93354178-d415-467e-adec-fa401f871626","37f72402-a254-4480-bba0-705abfeabd98","3","","false"
"585951cd-b4ad-46ef-b311-d415a01e7f77","37f72402-a254-4480-bba0-705abfeabd98","3","","false"
"3ce6cb2e-2927-4848-979f-4d7675d58c70","37f72402-a254-4480-bba0-705abfeabd98","1","","false"
"da06b6ab-89be-4f39-b4bf-38f3f66cf5c1","37f72402-a254-4480-bba0-705abfeabd98","3","","false"
"cac2b233-0a70-4cb5-9022-ca1b4e6e0a7d","37f72402-a254-4480-bba0-705abfeabd98","2","","false"
"69155632-454c-4c60-ae76-379a8949fa28","37f72402-a254-4480-bba0-705abfeabd98","3","","false"
"8487dcd1-70d3-43e7-a9e8-8bd99392bacf","37f72402-a254-4480-bba0-705abfeabd98","2","","false"
"2bf49858-d3b3-486a-a00f-fb90c66ab802","37f72402-a254-4480-bba0-705abfeabd98","1","","false"
"b77b56ff-cf25-4ca9-8b96-2317e0a00a21","37f72402-a254-4480-bba0-705abfeabd98","3","","false"
"103f4cd4-7917-41da-8870-d34cd083df92","37f72402-a254-4480-bba0-705abfeabd98","3","","false"
"1a60fe0b-7489-4619-93cf-b903ebf66631","37f72402-a254-4480-bba0-705abfeabd98","3","","false"
"b9f0d68a-4f64-4ea4-b360-5b022595215c","37f72402-a254-4480-bba0-705abfeabd98","3","","false"
"3563f449-5ac3-445b-8d95-ad21b0f33d93","37f72402-a254-4480-bba0-705abfeabd98","3","","false"
"538ebf58-bda3-48de-8cfe-43d015108696","37f72402-a254-4480-bba0-705abfeabd98","1","","false"
"8c5ec53e-c5bc-4de8-9a43-d6d677241900","37f72402-a254-4480-bba0-705abfeabd98","3","","false"
"6cf6c5af-8ae0-4e3d-9adb-4027bc48f2d5","37f72402-a254-4480-bba0-705abfeabd98","3","","false"
"e1700708-6f6e-479e-af55-18a0a0d66c36","37f72402-a254-4480-bba0-705abfeabd98","2","","false"
"42073df9-0c8e-431b-b129-b6713df657b3","37f72402-a254-4480-bba0-705abfeabd98","3","","false"
"c2b9cb75-f0fd-45e3-a0e0-e9ed1959e8db","37f72402-a254-4480-bba0-705abfeabd98","3","","false"
"fd95bb20-908c-4e62-9a7e-db9837ad565a","37f72402-a254-4480-bba0-705abfeabd98","3","","false"
"291be2a7-abff-4501-a605-9a3f331faa99","37f72402-a254-4480-bba0-705abfeabd98","3","","false"
"8bfbf72a-536c-4088-979f-9972a9471a50","37f72402-a254-4480-bba0-705abfeabd98","3","","false"
"876e4b69-def2-4f2f-b312-2011d4cd41d7","37f72402-a254-4480-bba0-705abfeabd98","3","","false"
"fafc7d1a-ab29-4ac4-8179-57c222ee788c","37f72402-a254-4480-bba0-705abfeabd98","2","","false"
"f66ed159-b688-407b-9bae-a9e12e4d5e43","37f72402-a254-4480-bba0-705abfeabd98","3","","false"
"d14a29e4-5618-48fa-9689-d00c4dde0042","37f72402-a254-4480-bba0-705abfeabd98","2","","false"
"dca90f9b-504d-48b9-a1e8-b5c368135261","37f72402-a254-4480-bba0-705abfeabd98","3","","false"
"3f89241e-efb6-41c8-84c8-ca46e77be910","37f72402-a254-4480-bba0-705abfeabd98","2","","false"
"abb30c0f-c56b-4365-a8ab-d137810eb80d","37f72402-a254-4480-bba0-705abfeabd98","84.38127161628711","","false"
"4b1bd51e-0047-4310-a814-67e6bbeaa7b8","37f72402-a254-4480-bba0-705abfeabd98","77.80372295281413","","false"
"668e5bbd-2bcd-4a97-8386-ee85c7709cdf","37f72402-a254-4480-bba0-705abfeabd98","87.43114015843446","","false"
"dcdcdae4-66a9-4a42-b9d6-372c210f8a6a","37f72402-a254-4480-bba0-705abfeabd98","82.61892726761783","","false"
"017949bc-b4b5-4426-9429-ffe4fb69e68e","37f72402-a254-4480-bba0-705abfeabd98","70.21696132174549","","false"
"c69d5a11-354d-4d77-b94e-a7595c011d7f","37f72402-a254-4480-bba0-705abfeabd98","92.2083812207241","","false"
"ab2ad372-0b04-4a70-bddc-531ad07a5ed8","37f72402-a254-4480-bba0-705abfeabd98","85.74999911717413","","false"
"f990d43f-939f-4639-9afc-3e97290da351","37f72402-a254-4480-bba0-705abfeabd98","83.12238663793451","","false"
"6e0a1598-996a-467a-af76-17100d9b1cb2","37f72402-a254-4480-bba0-705abfeabd98","64.15074997368231","","false"
"3d7a528d-1fae-40a3-8f4e-1a852180b29b","37f72402-a254-4480-bba0-705abfeabd98","100","","false"
"2207cbee-158c-4f6c-b3db-93e61621cce4","37f72402-a254-4480-bba0-705abfeabd98","93.99895302822489","","false"
"83dc375f-dab0-4fc1-b472-fd373b467459","37f72402-a254-4480-bba0-705abfeabd98","100","","false"
"78564238-bf3e-4922-8a2a-0a303fd4201a","37f72402-a254-4480-bba0-705abfeabd98","84.27201780769218","","false"
"d8ed7929-8462-4977-8ac1-7381e4f7fe0f","37f72402-a254-4480-bba0-705abfeabd98","92.33189193952347","","false"
"bd46083a-331e-48a4-ab63-3c6257b8a64c","37f72402-a254-4480-bba0-705abfeabd98","96.80867953335013","","false"
"99863b7c-7ef5-45f2-81d8-c4145cefcf0a","37f72402-a254-4480-bba0-705abfeabd98","99.75387716539382","","false"
